Workbook

Sheet 우리집
A1: ▣ 우리집 예상 공사비 (실시간 자동 산정)
A2: 총 공사비 (부가세 별도) | B2: =공사비산출!B3 | C2: 원
A3: 총 공사비 (부가세 포함) | B3: =공사비산출!B5 | C3: 원
A4: 평당 공사비 (부가세 별도) | B4: =공사비산출!E3 | C4: 원/평
A5: 본 시트의 항목을 입력하면 상단 총공사비가 실시간 갱신됩니다 (apt-planner v2)
A7: ▣ 1. 기본 정보
A8: 평형 (공급평, 자동산정 ← B13 또는 D13) | B8: 30 | C8: 평형은 B13(공급평)·D13(전용㎡) 중 하나만 입력. D13 우선. (2.4825 = 3.31 × 0.75)
A9: 베이수 (2/3/4/5) | B9: 3 | C9: 20평대=2~4 / 30평대=2~4 / 40평+=3~5
A10: 방 개수 (자동, 수정 가능) | B10: =IF(B8<22,2,IF(B8<32,3,IF(B8<45,4,5))) | C10: 평형 자동: <22:2 / <32:3 / <45:4 / 45+:5
A11: 공용욕실 개수 | B11: 1 | C11: 보통 1개
A12: 부부욕실 유무 (1=있음, 0=없음) | B12: 1 | C12: 평형 자동: <22:2 / <32:3 / <45:4 / 45+:5
A13: 욕실 총 개수 (자동) | B13: =B11+B12 | C13: 공용+부부 합산
A14: 공급면적 (㎡, 자동) | B14: =B8*3.31 | C14: 평*3.31
A15: 전용면적 (㎡, 자동) | B15: =B14*0.75 | C15: 공급*0.75
A16: 외부창 면적 (㎡, 자동) | B16: =INDEX(표준면적!$B$11:$G$11,1,MATCH(표준면적!$J$2,표준면적!$B$2:$G$2,0))+(INDEX(표준면적!$B$11:$G$11,1,MATCH(표준면적!$J$2,표준면적!$B$2:$G$2,0)+1)-INDEX(표준면적!$B$11:$G$11,1,MATCH(표준면적!$J$2,표준면적!$B$2:$G$2,0)))*표준면적!$J$4 | C16: 베이별 자동
A17: └─ 평형 직접 입력 (B13: 공급평 / D13: 전용㎡, 둘 중 하나) | B17: 30 | C17: ← 공급평(평) | 전용㎡(㎡) →
A18: ▣ 2. 공사범위 — 확장설정 + 공간별 시공 매트릭스
A19: 발코니 깊이 (m) | B19: 1.5 | C19: 표준 1.5m
A21: 공간 | B21: 현재 확장 상태 | C21: 확장 후 | D21: 바닥재 | E21: 도배 | F21: 몰딩/걸레받이 | G21: 에어컨 | H21: 붙박이장 | I21: 실링팬 | J21: 샷시 교체
A22: 거실 | B22: N | C22: Y | D22: Y | E22: Y | F22: Y | G22: Y | H22: - | I22: Y | J22: Y
A23: 주방 | B23: N | C23: Y | D23: Y | E23: Y | F23: Y | G23: - | H23: - | I23: - | J23: Y
A24: 안방 | B24: N | C24: N | D24: Y | E24: Y | F24: Y | G24: Y | H24: Y | I24: Y | J24: Y
A25: 작은방1 | B25: N | C25: Y | D25: Y | E25: Y | F25: Y | G25: Y | H25: Y | I25: - | J25: Y
A26: 작은방2 | B26: N | C26: Y | D26: Y | E26: Y | F26: Y | G26: - | H26: Y | I26: - | J26: Y
A28: ▣ 2. 공사범위 — 전체공종 토글 + 추가 옵션
A29: 항목 | B29: 값 | C29: 안내
A30: 철거공사 | B30: Y | C30: 전용면적 전체
A31: 난방배관 교체 | B31: N | C31: 노후 난방 엑셀파이프 전체 교체 (공급평 × 30만원). 철거 시 함께 권장.
A32: 단열공사 | B32: Y | C32: 전용면적 전체
A33: 샷시 교체 (자동 — 공간별 합산) | B33: =IF(COUNTIF(J22:J26,"Y")>0,"Y","N") | C33: 매트릭스 J열(공간별 샷시) 합산 자동. 공간별로 J에 입력하세요.
A34: 공용욕실 세트 | B34: Y | C34: 공용욕실 개수만큼
A35: 부부욕실 세트 | B35: Y | C35: 부부욕실 유무 (0/1)
A36: 주방가구 | B36: Y | C36: 3.6m 환산
A37: 중문 | B37: Y | C37: 1ea
A38: 일반가구(현관) | B38: Y | C38: 1ea
A39: 조명 풀세트 | B39: Y | C39: 1set (개별 등기구로 대체 시 N)
A40: 천정 목공사 | B40: N | C40: 거실 면적 기준
A41: 가벽 신설 길이 (m) | B41: 0 | C41: 가벽 신설 길이 입력 (m). 입력 시 목공사(길이×2.3㎡) + 양면 도배(길이×2.3×2㎡) 자동 산정. 0 또는 빈칸이면 산정 없음.
A42: 에어컨 실외기 (자동) | B42: =공사범위!B21 | C42: 시스템에어컨 ON 공간 있으면 자동 Y
A43: 샷시 (자동 — 확장 시 강제) | B43: =공사범위!B22 | C43: 외부창 면적 (전용 × 0.18). 확장 시 발코니 측 새 외부창은 자동 산정(산출 #82). 전체 샷시 교체 ON 시 비확장 공간 외부창만 추가.
A44: 스위치/콘센트 교체 | B44: Y | C44: 평형별 자동 산출 (10평 18ea → 30평 34ea → 60평 56ea)
A45: 인덕션 전용선 | B45: Y | C45: 220V 인덕션 전용선 신설 (분전반→주방, 50만원 기본)
A46: 구청 확장공사 신고 (도면+신고대행) | B46: Y | C46: 확장 시 권장 — 신고 미이행 시 과태료. 확장 없으면 자동 0원.
A47: 분배기 교체 | B47: N | C47: 난방 분배기 교체 (50만원)
A48: 배관 변경 | B48: N | C48: 주방 위치 변경 등 배관 변경 (50만원)
A49: 난방온도조절기 교체 | B49: Y | C49: 거실+방 자동 산정 (평형별 ea)
A50: 터닝도어 (자동 — 안방미확장+거실확장) | B50: =IF(AND(C24="N",C22="Y",OR(B22="N",J22="Y")),"Y","N") | C50: 평면 조건(안방 미확장+거실 확장) AND 교체 의사(거실 신규확장 OR 거실 샷시 교체)
A51: 발코니 바닥타일 | B51: Y | C51: 확장 발코니 또는 확장 안 한 발코니 바닥타일 시공
A52: 발코니 도장 | B52: Y | C52: 결로 방지 / 청결 유지용 발코니 도장. (※ 확장 시 면적 일부 0 자동)
A53: 다용도실 바닥타일 | B53: Y | C53: 다용도실 바닥타일. (※ 주방 확장 시 자동 0)
A54: 다용도실 도장 | B54: Y | C54: 다용도실 도장. (※ 주방 확장 시 자동 0)
A55: 목공사 기본 | B55: Y | C55: 기본 목공 (몰딩 마감 등) — 인테리어 시 통상 포함
A56: 문틀/문짝 교체 (메인) | B56: 그대로 사용 | C56: "그대로 사용" / "문짝만 교체" / "필름 시공" / "문틀과 문짝 모두 새로 시공" (4택) | D56: └ 새시공 등급: | E56: 표준 | F56: "가성비"=12mm문선/"표준"=9mm슬림문선/"고급"=무문선 (메인="문틀과 문짝 모두 새로 시공"일 때만 유효)
A57: 문짝 개수 (도면 기준, 수정가능) | B57: =IF(B8<25,5,IF(B8<35,7,IF(B8<45,9,IF(B8<55,10,11)))) | C57: 평형별 자동 산정 (24평=5/30평대=7/40평대=9). 도면 기준 수동 입력 가능.
A59: ▣ 3. 공종별 등급 선택 | E59: ■ 전체 일괄 등급 → | F59: 고급 | G59: ← 가성비/표준/고급. 아래 개별 '기본'이면 이 등급 적용
A60: 항목 | B60: 적용 등급(자동) | C60: 주력 자재 (해당 등급의 대표) | D60: 안내 | E60: 개별 선택
A61: 철거공사 | B61: =IF(E61="기본",$F$59,E61) | C61: =IFERROR((INDEX(자재마스터!$F:$F, MATCH("철거|"&B61,자재마스터!$AA:$AA,0)) & " " & INDEX(자재마스터!$G:$G, MATCH("철거|"&B61,자재마스터!$AA:$AA,0))),"매칭없음") | E61: 기본
A62: 단열공사 | B62: =IF(E62="기본",$F$59,E62) | C62: =IFERROR((INDEX(자재마스터!$F:$F, MATCH("insulation|"&B62,자재마스터!$Z:$Z,0)) & " " & INDEX(자재마스터!$G:$G, MATCH("insulation|"&B62,자재마스터!$Z:$Z,0))),"매칭없음") | E62: 기본
A63: 난방온도조절기 | B63: =IF(E63="기본",$F$59,E63) | C63: =IFERROR((INDEX(자재마스터!$F:$F, MATCH("thermostat|"&B63,자재마스터!$Z:$Z,0)) & " " & INDEX(자재마스터!$G:$G, MATCH("thermostat|"&B63,자재마스터!$Z:$Z,0))),"매칭없음") | E63: 기본
A64: 바닥재 | B64: =IF(E64="기본",$F$59,E64) | C64: =IFERROR((INDEX(자재마스터!$F:$F, MATCH("flooring|"&B64,자재마스터!$Z:$Z,0)) & " " & INDEX(자재마스터!$G:$G, MATCH("flooring|"&B64,자재마스터!$Z:$Z,0))),"매칭없음") | E64: 기본
A65: 도배 | B65: =IF(E65="기본",$F$59,E65) | C65: =IFERROR((INDEX(자재마스터!$F:$F, MATCH("wallpaper|"&B65,자재마스터!$Z:$Z,0)) & " " & INDEX(자재마스터!$G:$G, MATCH("wallpaper|"&B65,자재마스터!$Z:$Z,0))),"매칭없음") | E65: 기본
A66: 몰딩 | B66: =IF(E66="기본",$F$59,E66) | C66: =IFERROR((INDEX(자재마스터!$F:$F, MATCH("molding|"&B66,자재마스터!$Z:$Z,0)) & " " & INDEX(자재마스터!$G:$G, MATCH("molding|"&B66,자재마스터!$Z:$Z,0))),"매칭없음") | E66: 기본
A67: 공용욕실 기본등급 | B67: =B84 | C67: — B57 (공용욕실 종합 등급) 자동 동기화
A68: 부부욕실 기본등급 | B68: =B98 | C68: — B71 (부부욕실 종합 등급) 자동 동기화
A69: 주방가구 | B69: =IF(E69="기본",$F$59,E69) | C69: — 주방 7컴포넌트 — 주방설정 자동 | E69: 기본
A70: 중문 | B70: =IF(E70="기본",$F$59,E70) | C70: =IFERROR((INDEX(자재마스터!$F:$F, MATCH("sliding_door|"&B70,자재마스터!$Z:$Z,0)) & " " & INDEX(자재마스터!$G:$G, MATCH("sliding_door|"&B70,자재마스터!$Z:$Z,0))),"매칭없음") | E70: 기본
A71: 일반가구(현관) | B71: =IF(E71="기본",$F$59,E71) | C71: =IFERROR((INDEX(자재마스터!$F:$F, MATCH("general_furniture|"&B71,자재마스터!$Z:$Z,0)) & " " & INDEX(자재마스터!$G:$G, MATCH("general_furniture|"&B71,자재마스터!$Z:$Z,0))),"매칭없음") | E71: 기본
A72: 조명 | B72: =IF(E72="기본",$F$59,E72) | C72: =IFERROR((INDEX(자재마스터!$F:$F, MATCH("lighting_downlight|"&B72,자재마스터!$Z:$Z,0)) & " " & INDEX(자재마스터!$G:$G, MATCH("lighting_downlight|"&B72,자재마스터!$Z:$Z,0))),"매칭없음") | D72: 조명 대표 (다운라이트) | E72: 기본
A73: 샷시 | B73: =IF(E73="기본",$F$59,E73) | C73: =IFERROR((INDEX(자재마스터!$F:$F, MATCH("window|"&B73,자재마스터!$Z:$Z,0)) & " " & INDEX(자재마스터!$G:$G, MATCH("window|"&B73,자재마스터!$Z:$Z,0))),"매칭없음") | E73: 기본
A74: 시스템에어컨 | B74: =IF(E74="기본",$F$59,E74) | C74: =IFERROR((INDEX(자재마스터!$F:$F, MATCH("aircon|"&B74,자재마스터!$Z:$Z,0)) & " " & INDEX(자재마스터!$G:$G, MATCH("aircon|"&B74,자재마스터!$Z:$Z,0))),"매칭없음") | E74: 기본
A75: 붙박이장 | B75: =IF(E75="기본",$F$59,E75) | C75: =IFERROR((INDEX(자재마스터!$F:$F, MATCH("closet|"&B75,자재마스터!$Z:$Z,0)) & " " & INDEX(자재마스터!$G:$G, MATCH("closet|"&B75,자재마스터!$Z:$Z,0))),"매칭없음") | E75: 기본
A76: 실링팬 | B76: =IF(E76="기본",$F$59,E76) | C76: =IFERROR((INDEX(자재마스터!$F:$F, MATCH("ceiling_fan|"&B76,자재마스터!$Z:$Z,0)) & " " & INDEX(자재마스터!$G:$G, MATCH("ceiling_fan|"&B76,자재마스터!$Z:$Z,0))),"매칭없음") | E76: 기본
A77: 목공사 | B77: =IF(E77="기본",$F$59,E77) | C77: =IFERROR((INDEX(자재마스터!$F:$F, MATCH("carpentry_base|"&B77,자재마스터!$Z:$Z,0)) & " " & INDEX(자재마스터!$G:$G, MATCH("carpentry_base|"&B77,자재마스터!$Z:$Z,0))),"매칭없음") | E77: 기본
A78: 전기 스위치 | B78: =IF(E78="기본",$F$59,E78) | C78: =IFERROR((INDEX(자재마스터!$F:$F, MATCH("electrical_switch|"&B78,자재마스터!$Z:$Z,0)) & " " & INDEX(자재마스터!$G:$G, MATCH("electrical_switch|"&B78,자재마스터!$Z:$Z,0))),"매칭없음") | E78: 기본
A79: 확장공사 | B79: =IF(E79="기본",$F$59,E79) | C79: =IFERROR((INDEX(자재마스터!$F:$F, MATCH("expansion|"&B79,자재마스터!$Z:$Z,0)) & " " & INDEX(자재마스터!$G:$G, MATCH("expansion|"&B79,자재마스터!$Z:$Z,0))),"매칭없음") | E79: 기본
A80: 걸레받이 | B80: =IF(E80="기본",$F$59,E80) | C80: =IFERROR((INDEX(자재마스터!$F:$F, MATCH("baseboard|"&B80,자재마스터!$Z:$Z,0)) & " " & INDEX(자재마스터!$G:$G, MATCH("baseboard|"&B80,자재마스터!$Z:$Z,0))),"매칭없음") | E80: 기본
A81: 실리콘 공사 | B81: =IF(E81="기본",$F$59,E81) | C81: =IFERROR((INDEX(자재마스터!$F:$F, MATCH("silicon_material|"&B81,자재마스터!$Z:$Z,0)) & " " & INDEX(자재마스터!$G:$G, MATCH("silicon_material|"&B81,자재마스터!$Z:$Z,0))),"매칭없음") | D81: 부위별 분리: 욕실주방(바이오) + 외기(변성). 도배보조용 수성실리콘은 도배 공종에 포함되어 제외. 자재량 실수요 50% 적용. 가성비·표준=영진 / 고급=수입. | E81: 기본
A83: ▣ 4. 욕실 컴포넌트별 등급
A84: ■ 공용욕실 종합 등급 | B84: 표준 | C84: 가성비 / 표준 / 고급 — 아래 컴포넌트가 '기본'이면 이 등급을 따름
A85: 공용욕실 타입 | B85: 욕조타입 | C85: 욕조타입 / 샤워부스타입 / 양변기·세면대만
A86: 컴포넌트 | B86: 등급 | C86: 적용 | D86: 주력 자재
A87: └ 젠다이 | B87: 기본 | C87: Y | D87: =IFERROR((INDEX(자재마스터!$F:$F, MATCH("bath_jendai|"&IF(B87="기본",$B$84,B87),자재마스터!$Z:$Z,0)) & " " & INDEX(자재마스터!$G:$G, MATCH("bath_jendai|"&IF(B87="기본",$B$84,B87),자재마스터!$Z:$Z,0))),"매칭없음")
A88: └ 방수 | B88: 기본 | C88: Y | D88: =IFERROR((INDEX(자재마스터!$F:$F, MATCH("bath_waterproof|"&IF(B88="기본",$B$84,B88),자재마스터!$Z:$Z,0)) & " " & INDEX(자재마스터!$G:$G, MATCH("bath_waterproof|"&IF(B88="기본",$B$84,B88),자재마스터!$Z:$Z,0))),"매칭없음")
A89: └ 타일자재 | B89: 기본 | C89: Y | D89: =IFERROR((INDEX(자재마스터!$F:$F, MATCH("bath_tile|"&IF(B89="기본",$B$84,B89),자재마스터!$Z:$Z,0)) & " " & INDEX(자재마스터!$G:$G, MATCH("bath_tile|"&IF(B89="기본",$B$84,B89),자재마스터!$Z:$Z,0))),"매칭없음")
A90: └ 타일시공 | B90: 기본 | C90: Y | D90: =IFERROR((INDEX(자재마스터!$F:$F, MATCH("bath_tile_method|"&IF(B90="기본",$B$84,B90),자재마스터!$Z:$Z,0)) & " " & INDEX(자재마스터!$G:$G, MATCH("bath_tile_method|"&IF(B90="기본",$B$84,B90),자재마스터!$Z:$Z,0))),"매칭없음")
A91: └ 파티션 | B91: 기본 | C91: N | D91: =IFERROR((INDEX(자재마스터!$F:$F, MATCH("bath_partition|"&IF(B91="기본",$B$84,B91),자재마스터!$Z:$Z,0)) & " " & INDEX(자재마스터!$G:$G, MATCH("bath_partition|"&IF(B91="기본",$B$84,B91),자재마스터!$Z:$Z,0))),"매칭없음")
A92: └ 천정 | B92: 기본 | C92: Y | D92: =IFERROR((INDEX(자재마스터!$F:$F, MATCH("bath_ceiling|"&IF(B92="기본",$B$84,B92),자재마스터!$Z:$Z,0)) & " " & INDEX(자재마스터!$G:$G, MATCH("bath_ceiling|"&IF(B92="기본",$B$84,B92),자재마스터!$Z:$Z,0))),"매칭없음")
A93: └ 세면대 | B93: 기본 | C93: Y | D93: =IFERROR((INDEX(자재마스터!$F:$F, MATCH("bath_basin|"&IF(B93="기본",$B$84,B93),자재마스터!$Z:$Z,0)) & " " & INDEX(자재마스터!$G:$G, MATCH("bath_basin|"&IF(B93="기본",$B$84,B93),자재마스터!$Z:$Z,0))),"매칭없음")
A94: └ 수전 | B94: 기본 | C94: Y | D94: =IFERROR((INDEX(자재마스터!$F:$F, MATCH("bath_faucet|"&IF(B94="기본",$B$84,B94),자재마스터!$Z:$Z,0)) & " " & INDEX(자재마스터!$G:$G, MATCH("bath_faucet|"&IF(B94="기본",$B$84,B94),자재마스터!$Z:$Z,0))),"매칭없음")
A95: └ 양변기 | B95: 기본 | C95: Y | D95: =IFERROR((INDEX(자재마스터!$F:$F, MATCH("bath_toilet|"&IF(B95="기본",$B$84,B95),자재마스터!$Z:$Z,0)) & " " & INDEX(자재마스터!$G:$G, MATCH("bath_toilet|"&IF(B95="기본",$B$84,B95),자재마스터!$Z:$Z,0))),"매칭없음")
A96: └ 악세사리 | B96: 기본 | C96: Y | D96: =IFERROR((INDEX(자재마스터!$F:$F, MATCH("bath_accessory|"&IF(B96="기본",$B$84,B96),자재마스터!$Z:$Z,0)) & " " & INDEX(자재마스터!$G:$G, MATCH("bath_accessory|"&IF(B96="기본",$B$84,B96),자재마스터!$Z:$Z,0))),"매칭없음")
A97: └ 줄눈 | B97: 기본 | C97: Y | D97: =IFERROR((INDEX(자재마스터!$F:$F, MATCH("bath_grout|"&IF(B97="기본",$B$84,B97),자재마스터!$Z:$Z,0)) & " " & INDEX(자재마스터!$G:$G, MATCH("bath_grout|"&IF(B97="기본",$B$84,B97),자재마스터!$Z:$Z,0))),"매칭없음")
A98: ■ 부부욕실 종합 등급 | B98: 표준 | C98: 가성비 / 표준 / 고급 — 아래 컴포넌트가 '기본'이면 이 등급을 따름
A99: 부부욕실 타입 | B99: 샤워부스타입 | C99: 욕조타입 / 샤워부스타입 / 양변기·세면대만 (부부욕실 유무 1일 때 의미)
A100: 컴포넌트 | B100: 등급 | C100: 적용 | D100: 주력 자재
A101: └ 젠다이 | B101: 기본 | C101: Y | D101: =IFERROR((INDEX(자재마스터!$F:$F, MATCH("bath_jendai|"&IF(B101="기본",$B$98,B101),자재마스터!$Z:$Z,0)) & " " & INDEX(자재마스터!$G:$G, MATCH("bath_jendai|"&IF(B101="기본",$B$98,B101),자재마스터!$Z:$Z,0))),"매칭없음")
A102: └ 방수 | B102: 기본 | C102: Y | D102: =IFERROR((INDEX(자재마스터!$F:$F, MATCH("bath_waterproof|"&IF(B102="기본",$B$98,B102),자재마스터!$Z:$Z,0)) & " " & INDEX(자재마스터!$G:$G, MATCH("bath_waterproof|"&IF(B102="기본",$B$98,B102),자재마스터!$Z:$Z,0))),"매칭없음")
A103: └ 타일자재 | B103: 기본 | C103: Y | D103: =IFERROR((INDEX(자재마스터!$F:$F, MATCH("bath_tile|"&IF(B103="기본",$B$98,B103),자재마스터!$Z:$Z,0)) & " " & INDEX(자재마스터!$G:$G, MATCH("bath_tile|"&IF(B103="기본",$B$98,B103),자재마스터!$Z:$Z,0))),"매칭없음")
A104: └ 타일시공 | B104: 기본 | C104: Y | D104: =IFERROR((INDEX(자재마스터!$F:$F, MATCH("bath_tile_method|"&IF(B104="기본",$B$98,B104),자재마스터!$Z:$Z,0)) & " " & INDEX(자재마스터!$G:$G, MATCH("bath_tile_method|"&IF(B104="기본",$B$98,B104),자재마스터!$Z:$Z,0))),"매칭없음")
A105: └ 파티션 | B105: 기본 | C105: Y | D105: =IFERROR((INDEX(자재마스터!$F:$F, MATCH("bath_partition|"&IF(B105="기본",$B$98,B105),자재마스터!$Z:$Z,0)) & " " & INDEX(자재마스터!$G:$G, MATCH("bath_partition|"&IF(B105="기본",$B$98,B105),자재마스터!$Z:$Z,0))),"매칭없음")
...

Sheet 표준면적
A1: 평형별 공간 면적 표준치 (㎡) | I1: 🔢 보간 도우미
A2: 공간 | B2: 10 | C2: 20 | D2: 30 | E2: 40 | F2: 50 | G2: 60 | H2: 단위 | I2: lower 평형대 | J2: =MAX(10,MIN(50,INT(우리집!$B$8/10)*10))
A3: 거실 | B3: =CHOOSE(우리집!$B$9-1,B37,B49,B61,B73) | C3: =CHOOSE(우리집!$B$9-1,C37,C49,C61,C73) | D3: =CHOOSE(우리집!$B$9-1,D37,D49,D61,D73) | E3: =CHOOSE(우리집!$B$9-1,E37,E49,E61,E73) | F3: =CHOOSE(우리집!$B$9-1,F37,F49,F61,F73) | G3: =CHOOSE(우리집!$B$9-1,G37,G49,G61,G73) | H3: ㎡ | I3: upper 평형대 | J3: =J2+10
A4: 주방 | B4: =CHOOSE(우리집!$B$9-1,B38,B50,B62,B74) | C4: =CHOOSE(우리집!$B$9-1,C38,C50,C62,C74) | D4: =CHOOSE(우리집!$B$9-1,D38,D50,D62,D74) | E4: =CHOOSE(우리집!$B$9-1,E38,E50,E62,E74) | F4: =CHOOSE(우리집!$B$9-1,F38,F50,F62,F74) | G4: =CHOOSE(우리집!$B$9-1,G38,G50,G62,G74) | H4: ㎡ | I4: ratio (0~1) | J4: =MIN(1,MAX(0,(우리집!$B$8-J2)/10))
A5: 안방 | B5: =CHOOSE(우리집!$B$9-1,B39,B51,B63,B75) | C5: =CHOOSE(우리집!$B$9-1,C39,C51,C63,C75) | D5: =CHOOSE(우리집!$B$9-1,D39,D51,D63,D75) | E5: =CHOOSE(우리집!$B$9-1,E39,E51,E63,E75) | F5: =CHOOSE(우리집!$B$9-1,F39,F51,F63,F75) | G5: =CHOOSE(우리집!$B$9-1,G39,G51,G63,G75) | H5: ㎡
A6: 작은방1 | B6: =CHOOSE(우리집!$B$9-1,B40,B52,B64,B76) | C6: =CHOOSE(우리집!$B$9-1,C40,C52,C64,C76) | D6: =CHOOSE(우리집!$B$9-1,D40,D52,D64,D76) | E6: =CHOOSE(우리집!$B$9-1,E40,E52,E64,E76) | F6: =CHOOSE(우리집!$B$9-1,F40,F52,F64,F76) | G6: =CHOOSE(우리집!$B$9-1,G40,G52,G64,G76) | H6: ㎡
A7: 작은방2 | B7: =CHOOSE(우리집!$B$9-1,B41,B53,B65,B77) | C7: =CHOOSE(우리집!$B$9-1,C41,C53,C65,C77) | D7: =CHOOSE(우리집!$B$9-1,D41,D53,D65,D77) | E7: =CHOOSE(우리집!$B$9-1,E41,E53,E65,E77) | F7: =CHOOSE(우리집!$B$9-1,F41,F53,F65,F77) | G7: =CHOOSE(우리집!$B$9-1,G41,G53,G65,G77) | H7: ㎡
A8: 공용욕실 | B8: =CHOOSE(우리집!$B$9-1,B42,B54,B66,B78) | C8: =CHOOSE(우리집!$B$9-1,C42,C54,C66,C78) | D8: =CHOOSE(우리집!$B$9-1,D42,D54,D66,D78) | E8: =CHOOSE(우리집!$B$9-1,E42,E54,E66,E78) | F8: =CHOOSE(우리집!$B$9-1,F42,F54,F66,F78) | G8: =CHOOSE(우리집!$B$9-1,G42,G54,G66,G78) | H8: ㎡
A9: 부부욕실 | B9: =CHOOSE(우리집!$B$9-1,B43,B55,B67,B79) | C9: =CHOOSE(우리집!$B$9-1,C43,C55,C67,C79) | D9: =CHOOSE(우리집!$B$9-1,D43,D55,D67,D79) | E9: =CHOOSE(우리집!$B$9-1,E43,E55,E67,E79) | F9: =CHOOSE(우리집!$B$9-1,F43,F55,F67,F79) | G9: =CHOOSE(우리집!$B$9-1,G43,G55,G67,G79) | H9: ㎡
A10: 현관 | B10: =CHOOSE(우리집!$B$9-1,B44,B56,B68,B80) | C10: =CHOOSE(우리집!$B$9-1,C44,C56,C68,C80) | D10: =CHOOSE(우리집!$B$9-1,D44,D56,D68,D80) | E10: =CHOOSE(우리집!$B$9-1,E44,E56,E68,E80) | F10: =CHOOSE(우리집!$B$9-1,F44,F56,F68,F80) | G10: =CHOOSE(우리집!$B$9-1,G44,G56,G68,G80) | H10: ㎡
A11: 외부창 (3베이 기준) | B11: =CHOOSE(우리집!$B$9-1,B45,B57,B69,B81) | C11: =CHOOSE(우리집!$B$9-1,C45,C57,C69,C81) | D11: =CHOOSE(우리집!$B$9-1,D45,D57,D69,D81) | E11: =CHOOSE(우리집!$B$9-1,E45,E57,E69,E81) | F11: =CHOOSE(우리집!$B$9-1,F45,F57,F69,F81) | G11: =CHOOSE(우리집!$B$9-1,G45,G57,G69,G81) | H11: ㎡
A12: 공간 둘레 추정 (m, 몰딩용)
A13: 공간 | B13: 10 | C13: 20 | D13: 30 | E13: 40 | F13: 50 | G13: 60 | H13: 단위
A14: 거실 | B14: =IF(B3=0,0,SQRT(B3)*3.4) | C14: =IF(C3=0,0,SQRT(C3)*3.4) | D14: =IF(D3=0,0,SQRT(D3)*3.4) | E14: =IF(E3=0,0,SQRT(E3)*3.4) | F14: =IF(F3=0,0,SQRT(F3)*3.4) | G14: =IF(G3=0,0,SQRT(G3)*3.4) | H14: m
A15: 주방 | B15: =IF(B4=0,0,SQRT(B4)*3.4) | C15: =IF(C4=0,0,SQRT(C4)*3.4) | D15: =IF(D4=0,0,SQRT(D4)*3.4) | E15: =IF(E4=0,0,SQRT(E4)*3.4) | F15: =IF(F4=0,0,SQRT(F4)*3.4) | G15: =IF(G4=0,0,SQRT(G4)*3.4) | H15: m
A16: 안방 | B16: =IF(B5=0,0,SQRT(B5)*3.4) | C16: =IF(C5=0,0,SQRT(C5)*3.4) | D16: =IF(D5=0,0,SQRT(D5)*3.4) | E16: =IF(E5=0,0,SQRT(E5)*3.4) | F16: =IF(F5=0,0,SQRT(F5)*3.4) | G16: =IF(G5=0,0,SQRT(G5)*3.4) | H16: m
A17: 작은방1 | B17: =IF(B6=0,0,SQRT(B6)*3.4) | C17: =IF(C6=0,0,SQRT(C6)*3.4) | D17: =IF(D6=0,0,SQRT(D6)*3.4) | E17: =IF(E6=0,0,SQRT(E6)*3.4) | F17: =IF(F6=0,0,SQRT(F6)*3.4) | G17: =IF(G6=0,0,SQRT(G6)*3.4) | H17: m
A18: 작은방2 | B18: =IF(B7=0,0,SQRT(B7)*3.4) | C18: =IF(C7=0,0,SQRT(C7)*3.4) | D18: =IF(D7=0,0,SQRT(D7)*3.4) | E18: =IF(E7=0,0,SQRT(E7)*3.4) | F18: =IF(F7=0,0,SQRT(F7)*3.4) | G18: =IF(G7=0,0,SQRT(G7)*3.4) | H18: m
A19: 공용욕실 | B19: =IF(B8=0,0,SQRT(B8)*3.4) | C19: =IF(C8=0,0,SQRT(C8)*3.4) | D19: =IF(D8=0,0,SQRT(D8)*3.4) | E19: =IF(E8=0,0,SQRT(E8)*3.4) | F19: =IF(F8=0,0,SQRT(F8)*3.4) | G19: =IF(G8=0,0,SQRT(G8)*3.4) | H19: m
A20: 부부욕실 | B20: =IF(B9=0,0,SQRT(B9)*3.4) | C20: =IF(C9=0,0,SQRT(C9)*3.4) | D20: =IF(D9=0,0,SQRT(D9)*3.4) | E20: =IF(E9=0,0,SQRT(E9)*3.4) | F20: =IF(F9=0,0,SQRT(F9)*3.4) | G20: =IF(G9=0,0,SQRT(G9)*3.4) | H20: m
A21: 현관 | B21: =IF(B10=0,0,SQRT(B10)*3.4) | C21: =IF(C10=0,0,SQRT(C10)*3.4) | D21: =IF(D10=0,0,SQRT(D10)*3.4) | E21: =IF(E10=0,0,SQRT(E10)*3.4) | F21: =IF(F10=0,0,SQRT(F10)*3.4) | G21: =IF(G10=0,0,SQRT(G10)*3.4) | H21: m
A22: 외부창 (3베이 기준) | B22: =IF(B11=0,0,SQRT(B11)*3.4) | C22: =IF(C11=0,0,SQRT(C11)*3.4) | D22: =IF(D11=0,0,SQRT(D11)*3.4) | E22: =IF(E11=0,0,SQRT(E11)*3.4) | F22: =IF(F11=0,0,SQRT(F11)*3.4) | G22: =IF(G11=0,0,SQRT(G11)*3.4) | H22: m
A25: 발코니/다용도실 표준 면적 (3베이 비확장 가정)
A26: 공간 | B26: 10 | C26: 20 | D26: 30 | E26: 40 | F26: 50 | G26: 60 | H26: 단위
A27: 발코니 면적 | B27: 4 | C27: 7 | D27: 11 | E27: 15 | F27: 18 | G27: 22 | H27: ㎡
A28: 다용도실 면적 | B28: 1.5 | C28: 2.5 | D28: 3 | E28: 4 | F28: 4.5 | G28: 5 | H28: ㎡
A29: 발코니 도장 면적 | B29: 12 | C29: 21 | D29: 32 | E29: 43 | F29: 53 | G29: 64 | H29: ㎡
A30: 다용도실 도장 면적 | B30: 5 | C30: 8 | D30: 9 | E30: 12 | F30: 14 | G30: 15 | H30: ㎡
A31: 주의: 평형별 표준치는 한국 아파트 평균(전용 75/100/130㎡, 3베이 기준). 2026-05 시장 자료(대한건축학회·전용율 분포) 반영하여 거실·외부창 면적 보정. [베이별 산정] 우리집!B10 베이수에 따라 active 영역(B3:G11) 자동 갱신. 베이별 표는 row 35 이하 참조.
A33: ═══ [베이별 평형 표준면적] ═══ (active 영역 B3:G11이 우리집!B10에 따라 자동 참조)
A35: [2베이] 평형별 표준 면적 (㎡) | H35: 20~30평 권장 (40평+ 추정)
A36: 공간 | B36: 10 | C36: 20 | D36: 30 | E36: 40 | F36: 50 | G36: 60 | H36: 단위
A37: 거실 | B37: 8 | C37: 14 | D37: 24 | E37: 30 | F37: 34 | G37: 40 | H37: ㎡
A38: 주방 | B38: 5 | C38: 8 | D38: 11 | E38: 14 | F38: 16 | G38: 19 | H38: ㎡
A39: 안방 | B39: 7 | C39: 11 | D39: 15 | E39: 17 | F39: 18 | G39: 20 | H39: ㎡
A40: 작방1 | B40: 0 | C40: 8 | D40: 9 | E40: 10 | F40: 11 | G40: 13 | H40: ㎡
A41: 작방2 | B41: 0 | C41: 0 | D41: 7 | E41: 9 | F41: 10 | G41: 11 | H41: ㎡
A42: 공용욕실 | B42: 3 | C42: 4 | D42: 5 | E42: 6 | F42: 7 | G42: 8 | H42: ㎡
A43: 부부욕실 | B43: 0 | C43: 0 | D43: 5 | E43: 6 | F43: 7 | G43: 8 | H43: ㎡
A44: 현관 | B44: 2 | C44: 3 | D44: 4 | E44: 5 | F44: 6 | G44: 7 | H44: ㎡
A45: 외부창 | B45: 6 | C45: 8 | D45: 12 | E45: 14 | F45: 17 | G45: 20 | H45: ㎡
A47: [3베이] 평형별 표준 면적 (㎡) | H47: ⭐ 기본 (전 평형)
A48: 공간 | B48: 10 | C48: 20 | D48: 30 | E48: 40 | F48: 50 | G48: 60 | H48: 단위
A49: 거실 | B49: 7 | C49: 12 | D49: 20 | E49: 28 | F49: 32 | G49: 38 | H49: ㎡
A50: 주방 | B50: 5 | C50: 7 | D50: 10 | E50: 13 | F50: 16 | G50: 18 | H50: ㎡
A51: 안방 | B51: 7 | C51: 10 | D51: 14 | E51: 16 | F51: 17 | G51: 19 | H51: ㎡
A52: 작방1 | B52: 0 | C52: 7 | D52: 9 | E52: 10 | F52: 11 | G52: 13 | H52: ㎡
A53: 작방2 | B53: 0 | C53: 0 | D53: 7 | E53: 9 | F53: 10 | G53: 11 | H53: ㎡
A54: 공용욕실 | B54: 3 | C54: 4 | D54: 5 | E54: 6 | F54: 7 | G54: 8 | H54: ㎡
A55: 부부욕실 | B55: 0 | C55: 0 | D55: 5 | E55: 6 | F55: 7 | G55: 8 | H55: ㎡
A56: 현관 | B56: 2 | C56: 3 | D56: 4 | E56: 5 | F56: 6 | G56: 7 | H56: ㎡
A57: 외부창 | B57: 7 | C57: 10 | D57: 16 | E57: 21 | F57: 24 | G57: 28 | H57: ㎡
A59: [4베이] 평형별 표준 면적 (㎡) | H59: 20~60평
A60: 공간 | B60: 10 | C60: 20 | D60: 30 | E60: 40 | F60: 50 | G60: 60 | H60: 단위
A61: 거실 | B61: 7 | C61: 11 | D61: 18 | E61: 27 | F61: 30 | G61: 36 | H61: ㎡
A62: 주방 | B62: 5 | C62: 7 | D62: 10 | E62: 13 | F62: 16 | G62: 18 | H62: ㎡
A63: 안방 | B63: 6 | C63: 9 | D63: 13 | E63: 16 | F63: 17 | G63: 19 | H63: ㎡
A64: 작방1 | B64: 0 | C64: 7 | D64: 9 | E64: 10 | F64: 11 | G64: 13 | H64: ㎡
A65: 작방2 | B65: 0 | C65: 5 | D65: 8 | E65: 9 | F65: 10 | G65: 11 | H65: ㎡
A66: 공용욕실 | B66: 3 | C66: 4 | D66: 5 | E66: 6 | F66: 7 | G66: 8 | H66: ㎡
A67: 부부욕실 | B67: 0 | C67: 0 | D67: 5 | E67: 6 | F67: 7 | G67: 8 | H67: ㎡
A68: 현관 | B68: 2 | C68: 3 | D68: 4 | E68: 5 | F68: 6 | G68: 7 | H68: ㎡
A69: 외부창 | B69: 8 | C69: 12 | D69: 18 | E69: 23 | F69: 27 | G69: 32 | H69: ㎡
A71: [5베이] 평형별 표준 면적 (㎡) | H71: 40평+ 권장 (20~30평 추정)
A72: 공간 | B72: 10 | C72: 20 | D72: 30 | E72: 40 | F72: 50 | G72: 60 | H72: 단위
A73: 거실 | B73: 7 | C73: 11 | D73: 18 | E73: 25 | F73: 28 | G73: 34 | H73: ㎡
A74: 주방 | B74: 5 | C74: 7 | D74: 10 | E74: 13 | F74: 16 | G74: 18 | H74: ㎡
A75: 안방 | B75: 6 | C75: 9 | D75: 12 | E75: 15 | F75: 16 | G75: 18 | H75: ㎡
A76: 작방1 | B76: 0 | C76: 7 | D76: 9 | E76: 10 | F76: 10 | G76: 11 | H76: ㎡
A77: 작방2 | B77: 0 | C77: 5 | D77: 8 | E77: 9 | F77: 9 | G77: 10 | H77: ㎡
A78: 공용욕실 | B78: 3 | C78: 4 | D78: 5 | E78: 6 | F78: 7 | G78: 8 | H78: ㎡
A79: 부부욕실 | B79: 0 | C79: 0 | D79: 5 | E79: 6 | F79: 7 | G79: 8 | H79: ㎡
A80: 현관 | B80: 2 | C80: 3 | D80: 4 | E80: 5 | F80: 6 | G80: 7 | H80: ㎡
A81: 외부창 | B81: 8 | C81: 14 | D81: 20 | E81: 26 | F81: 30 | G81: 35 | H81: ㎡

Sheet 공사범위
A1: 공사범위 선택 (공간×공종 매트릭스, Y/N)
A2: 공간 | B2: 바닥재 | C2: 도배 | D2: 몰딩 | E2: 에어컨 | F2: 붙박이장 | G2: 실링팬
A3: 거실 | B3: =우리집!D22 | C3: =우리집!E22 | D3: =우리집!F22 | E3: =우리집!G22 | F3: =우리집!H22 | G3: =우리집!I22
A4: 주방 | B4: =우리집!D23 | C4: =우리집!E23 | D4: =우리집!F23 | E4: =우리집!G23 | F4: =우리집!H23 | G4: =우리집!I23
A5: 안방 | B5: =우리집!D24 | C5: =우리집!E24 | D5: =우리집!F24 | E5: =우리집!G24 | F5: =우리집!H24 | G5: =우리집!I24
A6: 작은방1 | B6: =우리집!D25 | C6: =우리집!E25 | D6: =우리집!F25 | E6: =우리집!G25 | F6: =우리집!H25 | G6: =우리집!I25
A7: 작은방2 | B7: =우리집!D26 | C7: =우리집!E26 | D7: =우리집!F26 | E7: =우리집!G26 | F7: =우리집!H26 | G7: =우리집!I26
A9: [전체 공종 — 단일 입력]
A10: 철거공사 | B10: =우리집!B30 | C10: 전용면적 전체
A11: 단열공사 | B11: =우리집!B32 | C11: 전용면적 전체
A12: 샷시 교체 | B12: =우리집!B33 | C12: 외부창 면적 (전용 × 0.18)
A13: 공용욕실 세트 | B13: =우리집!B34 | C13: 공용욕실 개수만큼
A14: 부부욕실 세트 | B14: =우리집!B35 | C14: 부부욕실 유무 (0/1)
A15: 주방가구 | B15: =우리집!B36 | C15: 3.6m 환산
A16: 중문 | B16: =우리집!B37 | C16: 1ea
A17: 일반가구(현관) | B17: =우리집!B38 | C17: 1ea
A18: 조명 풀세트 | B18: =우리집!B39 | C18: 1set (개별 등기구로 대체 시 N)
A19: 천정 목공사 | B19: =우리집!B40 | C19: 거실 면적 기준
A20: 가벽 신설 | B20: =우리집!B41 | C20: 1㎡ 가정
A21: 에어컨 실외기 (자동) | B21: =IF(COUNTIF(E3:E7,"Y")>0,"Y","N") | C21: 시스템에어컨 ON 공간 있으면 자동 Y
A22: 샷시 (자동 — 확장 시 강제) | B22: =B12 | C22: 외부창 면적 (전용 × 0.18). 확장 시 발코니 측 새 외부창은 자동 산정(산출 #82). 전체 샷시 교체 ON 시 비확장 공간 외부창만 추가.
A23: 스위치/콘센트 교체 | B23: =우리집!B44 | C23: 평형별 자동 산출 (10평 18ea → 30평 34ea → 60평 56ea)
A24: 인덕션 전용선 | B24: =우리집!B45 | C24: 220V 인덕션 전용선 신설 (분전반→주방, 50만원 기본)
A25: 구청 확장공사 신고 (도면+신고대행) | B25: =우리집!B46 | C25: 확장 시 권장 — 신고 미이행 시 과태료. 확장 없으면 자동 0원.
A26: 분배기 교체 | B26: =우리집!B47 | C26: 난방 분배기 교체 (50만원)
A27: 배관 변경 | B27: =우리집!B48 | C27: 주방 위치 변경 등 배관 변경 (50만원)
A28: 난방온도조절기 교체 | B28: =우리집!B49 | C28: 거실+방 자동 산정 (평형별 ea)
A29: 난방배관 교체 | B29: =우리집!B31 | C29: 공급평 × 30만원. 우리집 전체공종 토글 연동.

Sheet 욕실설정
A1: 욕실 컴포넌트 설정 (등급·적용여부)
A3: 컴포넌트 | B3: 공용욕실 등급 | C3: 부부욕실 등급 | D3: 공용 적용 | E3: 부부 적용
A4: 젠다이 | B4: =우리집!B87 | C4: =우리집!B101 | D4: =우리집!C87 | E4: =우리집!C101
A5: 방수 | B5: =우리집!B88 | C5: =우리집!B102 | D5: =우리집!C88 | E5: =우리집!C102
A6: 타일자재 | B6: =우리집!B89 | C6: =우리집!B103 | D6: =우리집!C89 | E6: =우리집!C103
A7: 타일시공 | B7: =우리집!B90 | C7: =우리집!B104 | D7: =우리집!C90 | E7: =우리집!C104
A8: 파티션 | B8: =우리집!B91 | C8: =우리집!B105 | D8: =우리집!C91 | E8: =우리집!C105
A9: 천정 | B9: =우리집!B92 | C9: =우리집!B106 | D9: =우리집!C92 | E9: =우리집!C106
A10: 세면대 | B10: =우리집!B93 | C10: =우리집!B107 | D10: =우리집!C93 | E10: =우리집!C107
A11: 수전 | B11: =우리집!B94 | C11: =우리집!B108 | D11: =우리집!C94 | E11: =우리집!C108
A12: 양변기 | B12: =우리집!B95 | C12: =우리집!B109 | D12: =우리집!C95 | E12: =우리집!C109
A13: 악세사리 | B13: =우리집!B96 | C13: =우리집!B110 | D13: =우리집!C96 | E13: =우리집!C110
A14: 줄눈 | B14: =우리집!B97 | C14: =우리집!B111 | D14: =우리집!C97 | E14: =우리집!C111
A15: 안내 | B15: 등급 셀에 '기본'을 두면 우리집 시트의 욕실 등급(공용 B16, 부부 B17)을 따릅니다. 특정 컴포넌트만 다른 등급을 원할 때 직접 가성비/표준/고급 선택. 적용 N으로 두면 해당 컴포넌트는 견적에서 제외됩니다. 악세사리 = 수건걸이+변기솔+청소수전 set. 줄눈 = 가성비(백시멘트)/표준(아덱스FG4)/고급(케라폭시 에폭시).

Sheet 주방설정
A1: 주방가구 컴포넌트 설정
A3: 컴포넌트 | B3: 등급 | C3: 적용여부
A4: 미드웨이 | B4: =우리집!B121 | C4: =우리집!C121
A5: 도어 (세트 통합 — 미사용) | B5: =우리집!B122 | C5: =우리집!C122
A6: 상판 | B6: =우리집!B123 | C6: =우리집!C123
A7: 하드웨어 | B7: =우리집!B124 | C7: =우리집!C124
A8: 후드 | B8: =우리집!B125 | C8: =우리집!C125
A9: 싱크볼 | B9: =우리집!B126 | C9: =우리집!C126
A10: 주방가구 세트 (몸체+도어) | B10: =우리집!B127 | C10: =우리집!C127
A12: 안내 | B12: 등급 셀에 '기본'을 두면 우리집 시트의 주방가구 등급(B18)을 따릅니다. 특정 컴포넌트만 다른 등급 원할 때 직접 지정. 적용 N으로 두면 견적에서 제외. 몸체·미드웨이·도어·상판: 우리집!B31의 주방가구 길이 × m당 단가. 하드웨어: 길이 × 4.5 set/m. 후드·싱크볼은 자재만 (시공은 주방가구 시공에 포함).

Sheet 확장설정
A1: 확장공사 설정 (베이 형태 + 공간별 확장 전/후)
A3: 베이 형태 | B3: =우리집!$B$9 | C3: 우리집!B10에서 자동 동기화 (직접 수정 X)
A4: 발코니 깊이 (m) | B4: =우리집!$B$19 | C4: 표준 1.5m. 단지별 차이 시 수정
A6: 공간 | B6: 베이별 폭(m) | C6: 발코니 면적(㎡) | D6: 확장 전 | E6: 확장 후 | F6: 추가확장(㎡)
A7: 거실 | B7: =SQRT(INDEX(표준면적!$B$3:$G$10,1,MATCH(표준면적!$J$2,표준면적!$B$2:$G$2,0))+(INDEX(표준면적!$B$3:$G$10,1,MATCH(표준면적!$J$2,표준면적!$B$2:$G$2,0)+1)-INDEX(표준면적!$B$3:$G$10,1,MATCH(표준면적!$J$2,표준면적!$B$2:$G$2,0)))*표준면적!$J$4)*(IF($B$3=2,1.4,IF($B$3=3,1,0.85))) | C7: =B7*$B$4 | D7: =우리집!B22 | E7: =우리집!C22 | F7: =IF(AND(D7="N",E7="Y"),C7,0)
A8: 안방 | B8: =SQRT(INDEX(표준면적!$B$3:$G$10,3,MATCH(표준면적!$J$2,표준면적!$B$2:$G$2,0))+(INDEX(표준면적!$B$3:$G$10,3,MATCH(표준면적!$J$2,표준면적!$B$2:$G$2,0)+1)-INDEX(표준면적!$B$3:$G$10,3,MATCH(표준면적!$J$2,표준면적!$B$2:$G$2,0)))*표준면적!$J$4)*(IF($B$3=2,1,IF($B$3=3,0.95,0.9))) | C8: =B8*$B$4 | D8: =우리집!B24 | E8: =우리집!C24 | F8: =IF(AND(D8="N",E8="Y"),C8,0)
A9: 작은방1 | B9: =SQRT(INDEX(표준면적!$B$3:$G$10,4,MATCH(표준면적!$J$2,표준면적!$B$2:$G$2,0))+(INDEX(표준면적!$B$3:$G$10,4,MATCH(표준면적!$J$2,표준면적!$B$2:$G$2,0)+1)-INDEX(표준면적!$B$3:$G$10,4,MATCH(표준면적!$J$2,표준면적!$B$2:$G$2,0)))*표준면적!$J$4)*(IF($B$3<=2,0,IF($B$3=3,0.9,0.8))) | C9: =B9*$B$4 | D9: =우리집!B25 | E9: =우리집!C25 | F9: =IF(AND(D9="N",E9="Y"),C9,0)
A10: 작은방2 | B10: =SQRT(INDEX(표준면적!$B$3:$G$10,5,MATCH(표준면적!$J$2,표준면적!$B$2:$G$2,0))+(INDEX(표준면적!$B$3:$G$10,5,MATCH(표준면적!$J$2,표준면적!$B$2:$G$2,0)+1)-INDEX(표준면적!$B$3:$G$10,5,MATCH(표준면적!$J$2,표준면적!$B$2:$G$2,0)))*표준면적!$J$4)*(IF($B$3<=2,0,IF($B$3=3,0.85,0.8))) | C10: =B10*$B$4 | D10: =우리집!B26 | E10: =우리집!C26 | F10: =IF(AND(D10="N",E10="Y"),C10,0)
A11: 주방 | B11: =SQRT(INDEX(표준면적!$B$3:$G$10,2,MATCH(표준면적!$J$2,표준면적!$B$2:$G$2,0))+(INDEX(표준면적!$B$3:$G$10,2,MATCH(표준면적!$J$2,표준면적!$B$2:$G$2,0)+1)-INDEX(표준면적!$B$3:$G$10,2,MATCH(표준면적!$J$2,표준면적!$B$2:$G$2,0)))*표준면적!$J$4)*(0.85) | C11: =B11*$B$4 | D11: =우리집!B23 | E11: =우리집!C23 | F11: =IF(AND(D11="N",E11="Y"),C11,0) | G11: 자동 ON/OFF
A12: 추가확장 합계 | F12: =SUM(F7:F11) | G12: =IF(F12>0,"Y","N")
A14: 안내 / [샷시 분리] 샷시는 발코니 면적 비율로 자동 분배: 확장 공간 외부창은 자동 산정(라인 #82, 토글 자동), 비확장 공간 외부창은 전체 샷시 교체 토글(공사범위!B25) ON 시 라인 #4에 산정. 확장공사 단가에는 샷시 미포함 — 골조+단열+배관+미장만. | B14: 한국 아파트 평면 구조 기준: 거실·안방·작은방1은 전면 베이, 주방·작은방2(3베이)는 후면 베이. 4베이 평면은 작은방2가 전면으로 이동. 베이 형태(B3)와 평형(우리집!B4)에 따라 폭이 자동 계산되고 × 깊이(B4)로 발코니 면적 산출. 확장 전 N + 확장 후 Y인 공간만 '추가확장 면적'(F열)으로 견적에 반영. 주방 default = 확장 전 N (다용도실 분리). 신축이면 D11=Y로 변경.

Sheet 공사비산출
A1: 공사비 산출 결과
A3: 총 공사비 | B3: =I11+I14+I20+I26+I34+I38+I63+I71+I77+I86+I91+I96+I99+I103+I105+I110+I112+I116+I122+I143+I145+I147+I149+I151+I153+I155 | D3: 평당 공사비 | E3: =B3/우리집!B8 | F3: 평형 / 등급요약 | G3: =우리집!B8&"평 / 바닥재 "&우리집!B64&" / 도배 "&우리집!B65&" / 주방 "&우리집!B69
A4: 부가세 별도/포함 토글 | B4: 별도 | C4: 별도/포함 | D4: 부가세율 | E4: 0.1 | F4: (10% 기본)
A5: 부가세 포함 총공사비 | B5: =IF(B4="포함",B3,B3*(1+E4)) | C5: 원 | D5: 평당(부가세 포함) | E5: =B5/우리집!B8 | F5: 원/평
A6: 시장 평당 적정 범위 | B6: =IF(우리집!$B$8<=30,IF(우리집!$B$61="가성비","100~150만/평",IF(우리집!$B$61="표준","180~220만/평","250~330만/평")),IF(우리집!$B$8<=40,IF(우리집!$B$61="가성비","90~140만/평",IF(우리집!$B$61="표준","160~200만/평","230~300만/평")),IF(우리집!$B$61="가성비","80~130만/평",IF(우리집!$B$61="표준","140~180만/평","210~280만/평")))) | D6: 평당 평가 | E6: =IF(우리집!$B$8<=30,IF(E3<800000,"⚠ 매우 낮음",IF(E3<=1500000,"✓ 가성비",IF(E3<=2200000,"✓ 표준",IF(E3<=3300000,"✓ 고급","✗ 상한 초과")))),IF(우리집!$B$8<=40,IF(E3<700000,"⚠ 매우 낮음",IF(E3<=1400000,"✓ 가성비",IF(E3<=2000000,"✓ 표준",IF(E3<=3000000,"✓ 고급","✗ 상한 초과")))),IF(E3<600000,"⚠ 매우 낮음",IF(E3<=1300000,"✓ 가성비",IF(E3<=1800000,"✓ 표준",IF(E3<=2800000,"✓ 고급","✗ 상한 초과"))))))
A8: # | B8: 공간 | C8: 공종 | D8: 단위 | E8: 수량 | F8: 등급 | G8: 추천 SKU | H8: 단가(원) | I8: 소계(원) | K8: 공종별 합계 | N8: 공간별 합계 | P8: category
A9: 1 | B9: 전체 | C9: 철거공사 | D9: =IFERROR(INDEX(자재마스터!$J:$J,MATCH("철거|"&우리집!$B$61,자재마스터!$AA:$AA,0)),"-") | E9: =우리집!$B$15 | F9: =우리집!$B$61 | G9: =IFERROR((INDEX(자재마스터!$F:$F, MATCH("철거|"&우리집!$B$61,자재마스터!$AA:$AA,0)) & " " & INDEX(자재마스터!$G:$G, MATCH("철거|"&우리집!$B$61,자재마스터!$AA:$AA,0))),"매칭없음") | H9: =IFERROR(INDEX(자재마스터!$M:$M,MATCH("철거|"&우리집!$B$61,자재마스터!$AA:$AA,0)),0) | I9: =IFERROR(E9*H9*IF(공사범위!$B$10="Y",1,0),0) | K9: 기본공사 | L9: =SUMIF($C$9:$C$112,"철거공사",$I$9:$I$112)+SUMIF($C$9:$C$112,"단열공사",$I$9:$I$112)+SUMIF($C$9:$C$112,"도장공사",$I$9:$I$112) | N9: 전체 | O9: =SUMIF($B$9:$B$112,"전체",$I$9:$I$112) | P9: =IFERROR(INDEX(자재마스터!$D:$D,MATCH("철거|"&우리집!$B$61,자재마스터!$AA:$AA,0)),"")
A10: 2 | B10: 전체 | C10: 단열공사 | D10: =IFERROR(INDEX(자재마스터!$J:$J,MATCH("insulation|"&우리집!$B$64,자재마스터!$Z:$Z,0)),"-") | E10: =우리집!$B$15 | F10: =우리집!$B$64 | G10: =IFERROR((INDEX(자재마스터!$F:$F, MATCH("insulation|"&우리집!$B$64,자재마스터!$Z:$Z,0)) & " " & INDEX(자재마스터!$G:$G, MATCH("insulation|"&우리집!$B$64,자재마스터!$Z:$Z,0))),"매칭없음") | H10: =IFERROR(INDEX(자재마스터!$M:$M,MATCH("insulation|"&우리집!$B$64,자재마스터!$Z:$Z,0)),0) | I10: =IFERROR(E10*H10*IF(공사범위!$B$11="Y",1,0),0) | K10: 샷시 교체 | L10: =SUMIF($C$9:$C$112,"샷시 교체",$I$9:$I$112) | N10: 거실 | O10: =SUMIF($B$9:$B$112,"거실",$I$9:$I$112) | P10: =IFERROR(INDEX(자재마스터!$D:$D,MATCH("insulation|"&우리집!$B$64,자재마스터!$Z:$Z,0)),"")
C11: ━ 기본공사 소계 | I11: =SUM(I9:I10) | K11: 바닥재 | L11: =SUMIF($C$9:$C$112,"바닥재",$I$9:$I$112) | N11: 주방 | O11: =SUMIF($B$9:$B$112,"주방",$I$9:$I$112)
A12: 3 | B12: 전체 | C12: (미사용) 샷시 — 공간별 통합 | D12: =IFERROR(INDEX(자재마스터!$J:$J,MATCH("window|"&우리집!$B$73,자재마스터!$Z:$Z,0)),"-") | E12: 0 | F12: =우리집!$B$73 | G12: =IFERROR((INDEX(자재마스터!$F:$F, MATCH("window|"&우리집!$B$73,자재마스터!$Z:$Z,0)) & " " & INDEX(자재마스터!$G:$G, MATCH("window|"&우리집!$B$73,자재마스터!$Z:$Z,0)))&" (비확장부)","매칭없음 (비확장부)") | H12: =IFERROR(INDEX(자재마스터!$M:$M,MATCH("window|"&우리집!$B$73,자재마스터!$Z:$Z,0)),0) | I12: =IFERROR(E12*H12*IF(공사범위!$B$22="Y",1,0),0) | K12: 도배 | L12: =SUMIF($C$9:$C$150,"도배",$I$9:$I$150)+SUMIF($C$9:$C$150,"가벽 도배 (양면)",$I$9:$I$150)+SUMIF($C$9:$C$160,"무문선 도배 추가비",$I$9:$I$160) | N12: 안방 | O12: =SUMIF($B$9:$B$112,"안방",$I$9:$I$112) | P12: =IFERROR(INDEX(자재마스터!$D:$D,MATCH("window|"&우리집!$B$73,자재마스터!$Z:$Z,0)),"")
A13: 4 | B13: 전체 | C13: 샷시 교체 | D13: =IFERROR(INDEX(자재마스터!$J:$J,MATCH("window|"&우리집!$B$73,자재마스터!$Z:$Z,0)),"-") | E13: =우리집!$B$16 * MIN(1, IFERROR(확장설정!$F$12/SUM(확장설정!$C$7:$C$11),0)) * IFERROR((IF(우리집!$J$22="Y",확장설정!$F$7,0)+IF(우리집!$J$23="Y",확장설정!$F$11,0)+IF(우리집!$J$24="Y",확장설정!$F$8,0)+IF(우리집!$J$25="Y",확장설정!$F$9,0)+IF(우리집!$J$26="Y",확장설정!$F$10,0))/확장설정!$F$12,0) | F13: =우리집!$B$73 | G13: =IFERROR((INDEX(자재마스터!$F:$F, MATCH("window|"&우리집!$B$73,자재마스터!$Z:$Z,0)) & " " & INDEX(자재마스터!$G:$G, MATCH("window|"&우리집!$B$73,자재마스터!$Z:$Z,0)))&" (확장부 자동)","매칭없음 (확장부)") | H13: =IFERROR(INDEX(자재마스터!$M:$M,MATCH("window|"&우리집!$B$73,자재마스터!$Z:$Z,0)),0) | I13: =IFERROR(E13*H13*IF(확장설정!$F$12>0,1,0),0) | K13: 몰딩 | L13: =SUMIF($C$9:$C$112,"몰딩",$I$9:$I$112) | N13: 작은방1 | O13: =SUMIF($B$9:$B$112,"작은방1",$I$9:$I$112) | P13: =IFERROR(INDEX(자재마스터!$D:$D,MATCH("window|"&우리집!$B$73,자재마스터!$Z:$Z,0)),"")
C14: ━ 샷시 소계 | I14: =SUM(I12:I13) | K14: 걸레받이 | L14: =SUMIF($C$9:$C$112,"걸레받이",$I$9:$I$112) | N14: 작은방2 | O14: =SUMIF($B$9:$B$112,"작은방2",$I$9:$I$112)
A15: 5 | B15: 거실 | C15: 바닥재 | D15: =IFERROR(INDEX(자재마스터!$J:$J,MATCH("flooring|"&우리집!$B$64,자재마스터!$Z:$Z,0)),"-") | E15: =(INDEX(표준면적!$B$3:$G$10,1,MATCH(표준면적!$J$2,표준면적!$B$2:$G$2,0))+(INDEX(표준면적!$B$3:$G$10,1,(MATCH(표준면적!$J$2,표준면적!$B$2:$G$2,0)+1))-INDEX(표준면적!$B$3:$G$10,1,MATCH(표준면적!$J$2,표준면적!$B$2:$G$2,0)))*표준면적!$J$4) | F15: =우리집!$B$64 | G15: =IFERROR((INDEX(자재마스터!$F:$F, MATCH("flooring|"&우리집!$B$64,자재마스터!$Z:$Z,0)) & " " & INDEX(자재마스터!$G:$G, MATCH("flooring|"&우리집!$B$64,자재마스터!$Z:$Z,0))),"매칭없음") | H15: =IFERROR(INDEX(자재마스터!$M:$M,MATCH("flooring|"&우리집!$B$64,자재마스터!$Z:$Z,0)),0) | I15: =IFERROR(E15*H15*IF(공사범위!$B$3="Y",1,0),0) | K15: 무걸레받이 추가비 | L15: =SUMIF($C$9:$C$112,"무걸레받이-목공추가비",$I$9:$I$112)+SUMIF($C$9:$C$112,"무걸레받이-도배추가비",$I$9:$I$112) | N15: 공용욕실 | O15: =SUMIF($B$9:$B$112,"공용욕실",$I$9:$I$112) | P15: =IFERROR(INDEX(자재마스터!$D:$D,MATCH("flooring|"&우리집!$B$64,자재마스터!$Z:$Z,0)),"")
A16: 6 | B16: 주방 | C16: 바닥재 | D16: =IFERROR(INDEX(자재마스터!$J:$J,MATCH("flooring|"&우리집!$B$64,자재마스터!$Z:$Z,0)),"-") | E16: =(INDEX(표준면적!$B$3:$G$10,2,MATCH(표준면적!$J$2,표준면적!$B$2:$G$2,0))+(INDEX(표준면적!$B$3:$G$10,2,(MATCH(표준면적!$J$2,표준면적!$B$2:$G$2,0)+1))-INDEX(표준면적!$B$3:$G$10,2,MATCH(표준면적!$J$2,표준면적!$B$2:$G$2,0)))*표준면적!$J$4) | F16: =우리집!$B$64 | G16: =IFERROR((INDEX(자재마스터!$F:$F, MATCH("flooring|"&우리집!$B$64,자재마스터!$Z:$Z,0)) & " " & INDEX(자재마스터!$G:$G, MATCH("flooring|"&우리집!$B$64,자재마스터!$Z:$Z,0))),"매칭없음") | H16: =IFERROR(INDEX(자재마스터!$M:$M,MATCH("flooring|"&우리집!$B$64,자재마스터!$Z:$Z,0)),0) | I16: =IFERROR(E16*H16*IF(공사범위!$B$4="Y",1,0),0) | K16: 무몰딩 추가비 | L16: =SUMIF($C$9:$C$112,"무몰딩-목공추가비",$I$9:$I$112)+SUMIF($C$9:$C$112,"무몰딩-도배인건비",$I$9:$I$112) | N16: 부부욕실 | O16: =SUMIF($B$9:$B$112,"부부욕실",$I$9:$I$112) | P16: =IFERROR(INDEX(자재마스터!$D:$D,MATCH("flooring|"&우리집!$B$64,자재마스터!$Z:$Z,0)),"")
A17: 7 | B17: 안방 | C17: 바닥재 | D17: =IFERROR(INDEX(자재마스터!$J:$J,MATCH("flooring|"&우리집!$B$64,자재마스터!$Z:$Z,0)),"-") | E17: =(INDEX(표준면적!$B$3:$G$10,3,MATCH(표준면적!$J$2,표준면적!$B$2:$G$2,0))+(INDEX(표준면적!$B$3:$G$10,3,(MATCH(표준면적!$J$2,표준면적!$B$2:$G$2,0)+1))-INDEX(표준면적!$B$3:$G$10,3,MATCH(표준면적!$J$2,표준면적!$B$2:$G$2,0)))*표준면적!$J$4) | F17: =우리집!$B$64 | G17: =IFERROR((INDEX(자재마스터!$F:$F, MATCH("flooring|"&우리집!$B$64,자재마스터!$Z:$Z,0)) & " " & INDEX(자재마스터!$G:$G, MATCH("flooring|"&우리집!$B$64,자재마스터!$Z:$Z,0))),"매칭없음") | H17: =IFERROR(INDEX(자재마스터!$M:$M,MATCH("flooring|"&우리집!$B$64,자재마스터!$Z:$Z,0)),0) | I17: =IFERROR(E17*H17*IF(공사범위!$B$5="Y",1,0),0) | K17: 욕실 컴포넌트 | L17: =SUMIF($C$9:$C$112,"젠다이",$I$9:$I$112)+SUMIF($C$9:$C$112,"방수",$I$9:$I$112)+SUMIF($C$9:$C$112,"타일자재",$I$9:$I$112)+SUMIF($C$9:$C$112,"타일시공",$I$9:$I$112)+SUMIF($C$9:$C$112,"파티션",$I$9:$I$112)+SUMIF($C$9:$C$112,"천정",$I$9:$I$112)+SUMIF($C$9:$C$112,"세면대",$I$9:$I$112)+SUMIF($C$9:$C$112,"수전",$I$9:$I$112)+SUMIF($C$9:$C$112,"양변기",$I$9:$I$112)+SUMIF($C$9:$C$112,"악세사리",$I$9:$I$112)+SUMIF($C$9:$C$112,"줄눈",$I$9:$I$112) | N17: 현관 | O17: =SUMIF($B$9:$B$112,"현관",$I$9:$I$112) | P17: =IFERROR(INDEX(자재마스터!$D:$D,MATCH("flooring|"&우리집!$B$64,자재마스터!$Z:$Z,0)),"")
A18: 8 | B18: 작은방1 | C18: 바닥재 | D18: =IFERROR(INDEX(자재마스터!$J:$J,MATCH("flooring|"&우리집!$B$64,자재마스터!$Z:$Z,0)),"-") | E18: =(INDEX(표준면적!$B$3:$G$10,4,MATCH(표준면적!$J$2,표준면적!$B$2:$G$2,0))+(INDEX(표준면적!$B$3:$G$10,4,(MATCH(표준면적!$J$2,표준면적!$B$2:$G$2,0)+1))-INDEX(표준면적!$B$3:$G$10,4,MATCH(표준면적!$J$2,표준면적!$B$2:$G$2,0)))*표준면적!$J$4) | F18: =우리집!$B$64 | G18: =IFERROR((INDEX(자재마스터!$F:$F, MATCH("flooring|"&우리집!$B$64,자재마스터!$Z:$Z,0)) & " " & INDEX(자재마스터!$G:$G, MATCH("flooring|"&우리집!$B$64,자재마스터!$Z:$Z,0))),"매칭없음") | H18: =IFERROR(INDEX(자재마스터!$M:$M,MATCH("flooring|"&우리집!$B$64,자재마스터!$Z:$Z,0)),0) | I18: =IFERROR(E18*H18*IF(공사범위!$B$6="Y",1,0),0) | K18: 욕실 설치비 | L18: =SUMIF($C$9:$C$112,"욕실 설치비",$I$9:$I$112) | N18: 합계 | O18: =SUM(O9:O17) | P18: =IFERROR(INDEX(자재마스터!$D:$D,MATCH("flooring|"&우리집!$B$64,자재마스터!$Z:$Z,0)),"")
A19: 9 | B19: 작은방2 | C19: 바닥재 | D19: =IFERROR(INDEX(자재마스터!$J:$J,MATCH("flooring|"&우리집!$B$64,자재마스터!$Z:$Z,0)),"-") | E19: =(INDEX(표준면적!$B$3:$G$10,5,MATCH(표준면적!$J$2,표준면적!$B$2:$G$2,0))+(INDEX(표준면적!$B$3:$G$10,5,(MATCH(표준면적!$J$2,표준면적!$B$2:$G$2,0)+1))-INDEX(표준면적!$B$3:$G$10,5,MATCH(표준면적!$J$2,표준면적!$B$2:$G$2,0)))*표준면적!$J$4) | F19: =우리집!$B$64 | G19: =IFERROR((INDEX(자재마스터!$F:$F, MATCH("flooring|"&우리집!$B$64,자재마스터!$Z:$Z,0)) & " " & INDEX(자재마스터!$G:$G, MATCH("flooring|"&우리집!$B$64,자재마스터!$Z:$Z,0))),"매칭없음") | H19: =IFERROR(INDEX(자재마스터!$M:$M,MATCH("flooring|"&우리집!$B$64,자재마스터!$Z:$Z,0)),0) | I19: =IFERROR(E19*H19*IF(공사범위!$B$7="Y",1,0),0) | K19: 타일 통합 시공 | L19: =SUMIF($C$9:$C$112,"타일 시공팀 (1팀×일)",$I$9:$I$112) | P19: =IFERROR(INDEX(자재마스터!$D:$D,MATCH("flooring|"&우리집!$B$64,자재마스터!$Z:$Z,0)),"")
C20: ━ 바닥재 소계 | I20: =SUM(I15:I19) | K20: 주방 컴포넌트 | L20: =SUMIF($C$9:$C$112,"몸체",$I$9:$I$112)+SUMIF($C$9:$C$112,"미드웨이",$I$9:$I$112)+SUMIF($C$9:$C$112,"도어",$I$9:$I$112)+SUMIF($C$9:$C$112,"상판",$I$9:$I$112)+SUMIF($C$9:$C$112,"하드웨어",$I$9:$I$112)+SUMIF($C$9:$C$112,"후드",$I$9:$I$112)+SUMIF($C$9:$C$112,"싱크볼",$I$9:$I$112)+SUMIF($C$9:$C$112,"주방가구 세트 (몸체+도어)",$I$9:$I$112)
A21: 10 | B21: 거실 | C21: 도배 | D21: =IFERROR(INDEX(자재마스터!$J:$J,MATCH("wallpaper|"&우리집!$B$65,자재마스터!$Z:$Z,0)),"-") | E21: =(INDEX(표준면적!$B$3:$G$10,1,MATCH(표준면적!$J$2,표준면적!$B$2:$G$2,0))+(INDEX(표준면적!$B$3:$G$10,1,(MATCH(표준면적!$J$2,표준면적!$B$2:$G$2,0)+1))-INDEX(표준면적!$B$3:$G$10,1,MATCH(표준면적!$J$2,표준면적!$B$2:$G$2,0)))*표준면적!$J$4)*2.8 | F21: =우리집!$B$65 | G21: =IFERROR((INDEX(자재마스터!$F:$F, MATCH("wallpaper|"&우리집!$B$65,자재마스터!$Z:$Z,0)) & " " & INDEX(자재마스터!$G:$G, MATCH("wallpaper|"&우리집!$B$65,자재마스터!$Z:$Z,0))),"매칭없음") | H21: =IFERROR(INDEX(자재마스터!$M:$M,MATCH("wallpaper|"&우리집!$B$65,자재마스터!$Z:$Z,0)),0) | I21: =IFERROR(E21*H21*IF(공사범위!$C$3="Y",1,0),0) | K21: 중문 | L21: =SUMIF($C$9:$C$112,"중문",$I$9:$I$112) | P21: =IFERROR(INDEX(자재마스터!$D:$D,MATCH("wallpaper|"&우리집!$B$65,자재마스터!$Z:$Z,0)),"")
A22: 11 | B22: 주방 | C22: 도배 | D22: =IFERROR(INDEX(자재마스터!$J:$J,MATCH("wallpaper|"&우리집!$B$65,자재마스터!$Z:$Z,0)),"-") | E22: =(INDEX(표준면적!$B$3:$G$10,2,MATCH(표준면적!$J$2,표준면적!$B$2:$G$2,0))+(INDEX(표준면적!$B$3:$G$10,2,(MATCH(표준면적!$J$2,표준면적!$B$2:$G$2,0)+1))-INDEX(표준면적!$B$3:$G$10,2,MATCH(표준면적!$J$2,표준면적!$B$2:$G$2,0)))*표준면적!$J$4)*2.8 | F22: =우리집!$B$65 | G22: =IFERROR((INDEX(자재마스터!$F:$F, MATCH("wallpaper|"&우리집!$B$65,자재마스터!$Z:$Z,0)) & " " & INDEX(자재마스터!$G:$G, MATCH("wallpaper|"&우리집!$B$65,자재마스터!$Z:$Z,0))),"매칭없음") | H22: =IFERROR(INDEX(자재마스터!$M:$M,MATCH("wallpaper|"&우리집!$B$65,자재마스터!$Z:$Z,0)),0) | I22: =IFERROR(E22*H22*IF(공사범위!$C$4="Y",1,0),0) | K22: 일반가구 | L22: =SUMIF($C$9:$C$112,"일반가구",$I$9:$I$112) | P22: =IFERROR(INDEX(자재마스터!$D:$D,MATCH("wallpaper|"&우리집!$B$65,자재마스터!$Z:$Z,0)),"")
A23: 12 | B23: 안방 | C23: 도배 | D23: =IFERROR(INDEX(자재마스터!$J:$J,MATCH("wallpaper|"&우리집!$B$65,자재마스터!$Z:$Z,0)),"-") | E23: =(INDEX(표준면적!$B$3:$G$10,3,MATCH(표준면적!$J$2,표준면적!$B$2:$G$2,0))+(INDEX(표준면적!$B$3:$G$10,3,(MATCH(표준면적!$J$2,표준면적!$B$2:$G$2,0)+1))-INDEX(표준면적!$B$3:$G$10,3,MATCH(표준면적!$J$2,표준면적!$B$2:$G$2,0)))*표준면적!$J$4)*2.8 | F23: =우리집!$B$65 | G23: =IFERROR((INDEX(자재마스터!$F:$F, MATCH("wallpaper|"&우리집!$B$65,자재마스터!$Z:$Z,0)) & " " & INDEX(자재마스터!$G:$G, MATCH("wallpaper|"&우리집!$B$65,자재마스터!$Z:$Z,0))),"매칭없음") | H23: =IFERROR(INDEX(자재마스터!$M:$M,MATCH("wallpaper|"&우리집!$B$65,자재마스터!$Z:$Z,0)),0) | I23: =IFERROR(E23*H23*IF(공사범위!$C$5="Y",1,0),0) | K23: 조명 | L23: =SUMIF($C$9:$C$112,"다운라이트",$I$9:$I$112)+SUMIF($C$9:$C$112,"거실 간접조명",$I$9:$I$112)+SUMIF($C$9:$C$112,"욕실 간접조명",$I$9:$I$112)+SUMIF($C$9:$C$112,"거실 마그네틱 라인",$I$9:$I$112)+SUMIF($C$9:$C$112,"주방 마그네틱 라인",$I$9:$I$112) | P23: =IFERROR(INDEX(자재마스터!$D:$D,MATCH("wallpaper|"&우리집!$B$65,자재마스터!$Z:$Z,0)),"")
A24: 13 | B24: 작은방1 | C24: 도배 | D24: =IFERROR(INDEX(자재마스터!$J:$J,MATCH("wallpaper|"&우리집!$B$65,자재마스터!$Z:$Z,0)),"-") | E24: =(INDEX(표준면적!$B$3:$G$10,4,MATCH(표준면적!$J$2,표준면적!$B$2:$G$2,0))+(INDEX(표준면적!$B$3:$G$10,4,(MATCH(표준면적!$J$2,표준면적!$B$2:$G$2,0)+1))-INDEX(표준면적!$B$3:$G$10,4,MATCH(표준면적!$J$2,표준면적!$B$2:$G$2,0)))*표준면적!$J$4)*2.8 | F24: =우리집!$B$65 | G24: =IFERROR((INDEX(자재마스터!$F:$F, MATCH("wallpaper|"&우리집!$B$65,자재마스터!$Z:$Z,0)) & " " & INDEX(자재마스터!$G:$G, MATCH("wallpaper|"&우리집!$B$65,자재마스터!$Z:$Z,0))),"매칭없음") | H24: =IFERROR(INDEX(자재마스터!$M:$M,MATCH("wallpaper|"&우리집!$B$65,자재마스터!$Z:$Z,0)),0) | I24: =IFERROR(E24*H24*IF(공사범위!$C$6="Y",1,0),0) | K24: 시스템에어컨 | L24: =SUMIF($C$9:$C$112,"시스템에어컨",$I$9:$I$112) | P24: =IFERROR(INDEX(자재마스터!$D:$D,MATCH("wallpaper|"&우리집!$B$65,자재마스터!$Z:$Z,0)),"")
A25: 14 | B25: 작은방2 | C25: 도배 | D25: =IFERROR(INDEX(자재마스터!$J:$J,MATCH("wallpaper|"&우리집!$B$65,자재마스터!$Z:$Z,0)),"-") | E25: =(INDEX(표준면적!$B$3:$G$10,5,MATCH(표준면적!$J$2,표준면적!$B$2:$G$2,0))+(INDEX(표준면적!$B$3:$G$10,5,(MATCH(표준면적!$J$2,표준면적!$B$2:$G$2,0)+1))-INDEX(표준면적!$B$3:$G$10,5,MATCH(표준면적!$J$2,표준면적!$B$2:$G$2,0)))*표준면적!$J$4)*2.8 | F25: =우리집!$B$65 | G25: =IFERROR((INDEX(자재마스터!$F:$F, MATCH("wallpaper|"&우리집!$B$65,자재마스터!$Z:$Z,0)) & " " & INDEX(자재마스터!$G:$G, MATCH("wallpaper|"&우리집!$B$65,자재마스터!$Z:$Z,0))),"매칭없음") | H25: =IFERROR(INDEX(자재마스터!$M:$M,MATCH("wallpaper|"&우리집!$B$65,자재마스터!$Z:$Z,0)),0) | I25: =IFERROR(E25*H25*IF(공사범위!$C$7="Y",1,0),0) | K25: 에어컨 실외기 | L25: =SUMIF($C$9:$C$112,"에어컨 실외기",$I$9:$I$112) | P25: =IFERROR(INDEX(자재마스터!$D:$D,MATCH("wallpaper|"&우리집!$B$65,자재마스터!$Z:$Z,0)),"")
C26: ━ 도배 소계 | I26: =SUM(I21:I25) | K26: 붙박이장 | L26: =SUMIF($C$9:$C$112,"붙박이장",$I$9:$I$112)
A27: 15 | B27: 거실 | C27: 몰딩 | D27: =IFERROR(INDEX(자재마스터!$J:$J,MATCH("molding|"&우리집!$B$66,자재마스터!$Z:$Z,0)),"-") | E27: =(INDEX(표준면적!$B$14:$G$21,1,MATCH(표준면적!$J$2,표준면적!$B$2:$G$2,0))+(INDEX(표준면적!$B$14:$G$21,1,(MATCH(표준면적!$J$2,표준면적!$B$2:$G$2,0)+1))-INDEX(표준면적!$B$14:$G$21,1,MATCH(표준면적!$J$2,표준면적!$B$2:$G$2,0)))*표준면적!$J$4) | F27: =우리집!$B$66 | G27: =IFERROR((INDEX(자재마스터!$F:$F, MATCH("molding|"&우리집!$B$66,자재마스터!$Z:$Z,0)) & " " & INDEX(자재마스터!$G:$G, MATCH("molding|"&우리집!$B$66,자재마스터!$Z:$Z,0))),"매칭없음") | H27: =IFERROR(INDEX(자재마스터!$M:$M,MATCH("molding|"&우리집!$B$66,자재마스터!$Z:$Z,0)),0) | I27: =IFERROR(E27*H27*IF(공사범위!$D$3="Y",1,0),0) | K27: 실링팬 | L27: =SUMIF($C$9:$C$112,"실링팬",$I$9:$I$112) | P27: =IFERROR(INDEX(자재마스터!$D:$D,MATCH("molding|"&우리집!$B$66,자재마스터!$Z:$Z,0)),"")
A28: 16 | B28: 주방 | C28: 몰딩 | D28: =IFERROR(INDEX(자재마스터!$J:$J,MATCH("molding|"&우리집!$B$66,자재마스터!$Z:$Z,0)),"-") | E28: =(INDEX(표준면적!$B$14:$G$21,2,MATCH(표준면적!$J$2,표준면적!$B$2:$G$2,0))+(INDEX(표준면적!$B$14:$G$21,2,(MATCH(표준면적!$J$2,표준면적!$B$2:$G$2,0)+1))-INDEX(표준면적!$B$14:$G$21,2,MATCH(표준면적!$J$2,표준면적!$B$2:$G$2,0)))*표준면적!$J$4) | F28: =우리집!$B$66 | G28: =IFERROR((INDEX(자재마스터!$F:$F, MATCH("molding|"&우리집!$B$66,자재마스터!$Z:$Z,0)) & " " & INDEX(자재마스터!$G:$G, MATCH("molding|"&우리집!$B$66,자재마스터!$Z:$Z,0))),"매칭없음") | H28: =IFERROR(INDEX(자재마스터!$M:$M,MATCH("molding|"&우리집!$B$66,자재마스터!$Z:$Z,0)),0) | I28: =IFERROR(E28*H28*IF(공사범위!$D$4="Y",1,0),0) | K28: 목공사 | L28: =SUMIF($C$9:$C$112,"목공사 기본",$I$9:$I$112)+SUMIF($C$9:$C$112,"천정 우물→평천정",$I$9:$I$112)+SUMIF($C$9:$C$112,"가벽/구조 변경",$I$9:$I$112)+SUMIF($C$9:$C$160,"무문선 목공 추가비",$I$9:$I$160) | P28: =IFERROR(INDEX(자재마스터!$D:$D,MATCH("molding|"&우리집!$B$66,자재마스터!$Z:$Z,0)),"")
A29: 17 | B29: 안방 | C29: 몰딩 | D29: =IFERROR(INDEX(자재마스터!$J:$J,MATCH("molding|"&우리집!$B$66,자재마스터!$Z:$Z,0)),"-") | E29: =(INDEX(표준면적!$B$14:$G$29,3,MATCH(표준면적!$J$2,표준면적!$B$2:$G$2,0))+(INDEX(표준면적!$B$14:$G$29,3,(MATCH(표준면적!$J$2,표준면적!$B$2:$G$2,0)+1))-INDEX(표준면적!$B$14:$G$29,3,MATCH(표준면적!$J$2,표준면적!$B$2:$G$2,0)))*표준면적!$J$4) | F29: =우리집!$B$66 | G29: =IFERROR((INDEX(자재마스터!$F:$F, MATCH("molding|"&우리집!$B$66,자재마스터!$Z:$Z,0)) & " " & INDEX(자재마스터!$G:$G, MATCH("molding|"&우리집!$B$66,자재마스터!$Z:$Z,0))),"매칭없음") | H29: =IFERROR(INDEX(자재마스터!$M:$M,MATCH("molding|"&우리집!$B$66,자재마스터!$Z:$Z,0)),0) | I29: =IFERROR(E29*H29*IF(공사범위!$D$5="Y",1,0),0) | K29: 확장공사 | L29: =SUMIF($C$9:$C$112,"확장공사",$I$9:$I$112) | P29: =IFERROR(INDEX(자재마스터!$D:$D,MATCH("molding|"&우리집!$B$66,자재마스터!$Z:$Z,0)),"")
A30: 18 | B30: 작은방1 | C30: 몰딩 | D30: =IFERROR(INDEX(자재마스터!$J:$J,MATCH("molding|"&우리집!$B$66,자재마스터!$Z:$Z,0)),"-") | E30: =(INDEX(표준면적!$B$14:$G$21,4,MATCH(표준면적!$J$2,표준면적!$B$2:$G$2,0))+(INDEX(표준면적!$B$14:$G$21,4,(MATCH(표준면적!$J$2,표준면적!$B$2:$G$2,0)+1))-INDEX(표준면적!$B$14:$G$21,4,MATCH(표준면적!$J$2,표준면적!$B$2:$G$2,0)))*표준면적!$J$4) | F30: =우리집!$B$66 | G30: =IFERROR((INDEX(자재마스터!$F:$F, MATCH("molding|"&우리집!$B$66,자재마스터!$Z:$Z,0)) & " " & INDEX(자재마스터!$G:$G, MATCH("molding|"&우리집!$B$66,자재마스터!$Z:$Z,0))),"매칭없음") | H30: =IFERROR(INDEX(자재마스터!$M:$M,MATCH("molding|"&우리집!$B$66,자재마스터!$Z:$Z,0)),0) | I30: =IFERROR(E30*H30*IF(공사범위!$D$6="Y",1,0),0) | K30: 스위치/콘센트 | L30: =SUMIF($C$9:$C$120,"스위치/콘센트",$I$9:$I$120) | P30: =IFERROR(INDEX(자재마스터!$D:$D,MATCH("molding|"&우리집!$B$66,자재마스터!$Z:$Z,0)),"")
A31: 19 | B31: 작은방2 | C31: 몰딩 | D31: =IFERROR(INDEX(자재마스터!$J:$J,MATCH("molding|"&우리집!$B$66,자재마스터!$Z:$Z,0)),"-") | E31: =(INDEX(표준면적!$B$14:$G$21,5,MATCH(표준면적!$J$2,표준면적!$B$2:$G$2,0))+(INDEX(표준면적!$B$14:$G$21,5,(MATCH(표준면적!$J$2,표준면적!$B$2:$G$2,0)+1))-INDEX(표준면적!$B$14:$G$21,5,MATCH(표준면적!$J$2,표준면적!$B$2:$G$2,0)))*표준면적!$J$4) | F31: =우리집!$B$66 | G31: =IFERROR((INDEX(자재마스터!$F:$F, MATCH("molding|"&우리집!$B$66,자재마스터!$Z:$Z,0)) & " " & INDEX(자재마스터!$G:$G, MATCH("molding|"&우리집!$B$66,자재마스터!$Z:$Z,0))),"매칭없음") | H31: =IFERROR(INDEX(자재마스터!$M:$M,MATCH("molding|"&우리집!$B$66,자재마스터!$Z:$Z,0)),0) | I31: =IFERROR(E31*H31*IF(공사범위!$D$7="Y",1,0),0) | K31: 인덕션 전용선 | L31: =SUMIF($C$9:$C$120,"인덕션 전용선",$I$9:$I$120) | P31: =IFERROR(INDEX(자재마스터!$D:$D,MATCH("molding|"&우리집!$B$66,자재마스터!$Z:$Z,0)),"")
A32: 20 | B32: 전체 | C32: 무몰딩-목공추가비 | D32: =IFERROR(INDEX(자재마스터!$J:$J,MATCH("molding_carpentry|"&우리집!$B$66,자재마스터!$Z:$Z,0)),"-") | E32: =우리집!$B$14*COUNTIF(우리집!$F$22,"N")/5 | F32: =우리집!$B$66 | G32: =IFERROR((INDEX(자재마스터!$F:$F, MATCH("molding_carpentry|"&우리집!$B$66,자재마스터!$Z:$Z,0)) & " " & INDEX(자재마스터!$G:$G, MATCH("molding_carpentry|"&우리집!$B$66,자재마스터!$Z:$Z,0))),"매칭없음") | H32: =IFERROR(INDEX(자재마스터!$M:$M,MATCH("molding_carpentry|"&우리집!$B$66,자재마스터!$Z:$Z,0)),0) | I32: =IFERROR(E32*H32,0) | K32: 발코니/다용도실 | L32: =SUMIF($C$9:$C$120,"발코니 바닥타일",$I$9:$I$120)+SUMIF($C$9:$C$120,"다용도실 바닥타일",$I$9:$I$120)+SUMIF($C$9:$C$120,"발코니 도장",$I$9:$I$120)+SUMIF($C$9:$C$120,"다용도실 도장",$I$9:$I$120) | P32: =IFERROR(INDEX(자재마스터!$D:$D,MATCH("molding_carpentry|"&우리집!$B$66,자재마스터!$Z:$Z,0)),"")
A33: 21 | B33: 전체 | C33: 무몰딩-도배인건비 | D33: =IFERROR(INDEX(자재마스터!$J:$J,MATCH("molding_wallpaper|"&우리집!$B$66,자재마스터!$Z:$Z,0)),"-") | E33: =우리집!$B$14*COUNTIF(우리집!$F$22,"N")/5 | F33: =우리집!$B$66 | G33: =IFERROR((INDEX(자재마스터!$F:$F, MATCH("molding_wallpaper|"&우리집!$B$66,자재마스터!$Z:$Z,0)) & " " & INDEX(자재마스터!$G:$G, MATCH("molding_wallpaper|"&우리집!$B$66,자재마스터!$Z:$Z,0))),"매칭없음") | H33: =IFERROR(INDEX(자재마스터!$M:$M,MATCH("molding_wallpaper|"&우리집!$B$66,자재마스터!$Z:$Z,0)),0) | I33: =IFERROR(E33*H33,0) | K33: 합계 | L33: =SUM(L9:L32)+SUM(L34:L45) | P33: =IFERROR(INDEX(자재마스터!$D:$D,MATCH("molding_wallpaper|"&우리집!$B$66,자재마스터!$Z:$Z,0)),"")
C34: ━ 몰딩 소계 | I34: =SUM(I27:I33) | K34: 전기 기본공사 | L34: =SUMIF($C$9:$C$120,"전기 기본공사",$I$9:$I$120)
A35: 22 | B35: 전체 | C35: 걸레받이 | D35: =IFERROR(INDEX(자재마스터!$J:$J,MATCH("baseboard|"&우리집!$B$80,자재마스터!$Z:$Z,0)),"-") | E35: =우리집!$B$14*COUNTIF(우리집!$F$22,"Y")/5 | F35: =우리집!$B$80 | G35: =IFERROR((INDEX(자재마스터!$F:$F, MATCH("baseboard|"&우리집!$B$80,자재마스터!$Z:$Z,0)) & " " & INDEX(자재마스터!$G:$G, MATCH("baseboard|"&우리집!$B$80,자재마스터!$Z:$Z,0))),"매칭없음") | H35: =IFERROR(INDEX(자재마스터!$M:$M,MATCH("baseboard|"&우리집!$B$80,자재마스터!$Z:$Z,0)),0) | I35: =IFERROR(E35*H35,0) | K35: 설비 기본공사 | L35: =SUMIF($C$9:$C$120,"설비 기본공사",$I$9:$I$120) | P35: =IFERROR(INDEX(자재마스터!$D:$D,MATCH("baseboard|"&우리집!$B$80,자재마스터!$Z:$Z,0)),"")
A36: 23 | B36: 전체 | C36: 무걸레받이-목공추가비 | D36: =IFERROR(INDEX(자재마스터!$J:$J,MATCH("baseboard_carpentry|"&우리집!$B$80,자재마스터!$Z:$Z,0)),"-") | E36: =우리집!$B$14*COUNTIF(우리집!$F$22,"N")/5 | F36: =우리집!$B$80 | G36: =IFERROR((INDEX(자재마스터!$F:$F, MATCH("baseboard_carpentry|"&우리집!$B$80,자재마스터!$Z:$Z,0)) & " " & INDEX(자재마스터!$G:$G, MATCH("baseboard_carpentry|"&우리집!$B$80,자재마스터!$Z:$Z,0))),"매칭없음") | H36: =IFERROR(INDEX(자재마스터!$M:$M,MATCH("baseboard_carpentry|"&우리집!$B$80,자재마스터!$Z:$Z,0)),0) | I36: =IFERROR(E36*H36,0) | K36: 난방온도조절기 | L36: =SUMIF($C$9:$C$120,"난방온도조절기",$I$9:$I$120) | P36: =IFERROR(INDEX(자재마스터!$D:$D,MATCH("baseboard_carpentry|"&우리집!$B$80,자재마스터!$Z:$Z,0)),"")
A37: 24 | B37: 전체 | C37: 무걸레받이-도배추가비 (무몰딩과 통합) | D37: =IFERROR(INDEX(자재마스터!$J:$J,MATCH("baseboard_wallpaper|"&우리집!$B$80,자재마스터!$Z:$Z,0)),"-") | E37: =우리집!$B$14*COUNTIF(우리집!$F$22,"N")/5*0 | F37: =우리집!$B$80 | G37: =IFERROR((INDEX(자재마스터!$F:$F, MATCH("baseboard_wallpaper|"&우리집!$B$80,자재마스터!$Z:$Z,0)) & " " & INDEX(자재마스터!$G:$G, MATCH("baseboard_wallpaper|"&우리집!$B$80,자재마스터!$Z:$Z,0))),"매칭없음") | H37: =IFERROR(INDEX(자재마스터!$M:$M,MATCH("baseboard_wallpaper|"&우리집!$B$80,자재마스터!$Z:$Z,0)),0) | I37: =IFERROR(E37*H37,0) | K37: 구청 신고 | L37: =SUMIF($C$9:$C$120,"구청 확장공사 신고",$I$9:$I$120) | P37: =IFERROR(INDEX(자재마스터!$D:$D,MATCH("baseboard_wallpaper|"&우리집!$B$80,자재마스터!$Z:$Z,0)),"")
C38: ━ 걸레받이 소계 | I38: =SUM(I35:I37) | K38: 실리콘 인건비 | L38: =SUMIF($C$9:$C$120,"실리콘 - 인건비",$I$9:$I$120)
A39: 25 | B39: 공용욕실 | C39: 젠다이 | D39: =IFERROR(INDEX(자재마스터!$J:$J,MATCH("bath_jendai|"&IF(욕실설정!$B$4="기본",우리집!$B$67,욕실설정!$B$4),자재마스터!$Z:$Z,0)),"-") | E39: =우리집!$B$11 | F39: =IF(욕실설정!$B$4="기본",우리집!$B$67,욕실설정!$B$4) | G39: =IFERROR((INDEX(자재마스터!$F:$F, MATCH("bath_jendai|"&IF(욕실설정!$B$4="기본",우리집!$B$67,욕실설정!$B$4),자재마스터!$Z:$Z,0)) & " " & INDEX(자재마스터!$G:$G, MATCH("bath_jendai|"&IF(욕실설정!$B$4="기본",우리집!$B$67,욕실설정!$B$4),자재마스터!$Z:$Z,0))),"매칭없음") | H39: =IFERROR(INDEX(자재마스터!$M:$M,MATCH("bath_jendai|"&IF(욕실설정!$B$4="기본",우리집!$B$67,욕실설정!$B$4),자재마스터!$Z:$Z,0)),0) | I39: =IFERROR(E39*H39*IF(욕실설정!$D$4="Y",1,0),0) | K39: 실리콘 욕실주방 | L39: =SUMIF($C$9:$C$120,"실리콘 - 자재 (욕실·주방)",$I$9:$I$120) | P39: =IFERROR(INDEX(자재마스터!$D:$D,MATCH("bath_jendai|"&IF(욕실설정!$B$4="기본",우리집!$B$67,욕실설정!$B$4),자재마스터!$Z:$Z,0)),"")
A40: 26 | B40: 공용욕실 | C40: 방수 | D40: =IFERROR(INDEX(자재마스터!$J:$J,MATCH("bath_waterproof|"&IF(욕실설정!$B$5="기본",우리집!$B$67,욕실설정!$B$5),자재마스터!$Z:$Z,0)),"-") | E40: =((INDEX(표준면적!$B$3:$G$10,6,MATCH(표준면적!$J$2,표준면적!$B$2:$G$2,0))+(INDEX(표준면적!$B$3:$G$10,6,(MATCH(표준면적!$J$2,표준면적!$B$2:$G$2,0)+1))-INDEX(표준면적!$B$3:$G$10,6,MATCH(표준면적!$J$2,표준면적!$B$2:$G$2,0)))*표준면적!$J$4)+(INDEX(표준면적!$B$14:$G$21,6,MATCH(표준면적!$J$2,표준면적!$B$2:$G$2,0))+(INDEX(표준면적!$B$14:$G$21,6,(MATCH(표준면적!$J$2,표준면적!$B$2:$G$2,0)+1))-INDEX(표준면적!$B$14:$G$21,6,MATCH(표준면적!$J$2,표준면적!$B$2:$G$2,0)))*표준면적!$J$4))*우리집!$B$11 | F40: =IF(욕실설정!$B$5="기본",우리집!$B$67,욕실설정!$B$5) | G40: =IFERROR((INDEX(자재마스터!$F:$F, MATCH("bath_waterproof|"&IF(욕실설정!$B$5="기본",우리집!$B$67,욕실설정!$B$5),자재마스터!$Z:$Z,0)) & " " & INDEX(자재마스터!$G:$G, MATCH("bath_waterproof|"&IF(욕실설정!$B$5="기본",우리집!$B$67,욕실설정!$B$5),자재마스터!$Z:$Z,0))),"매칭없음") | H40: =IFERROR(INDEX(자재마스터!$M:$M,MATCH("bath_waterproof|"&IF(욕실설정!$B$5="기본",우리집!$B$67,욕실설정!$B$5),자재마스터!$Z:$Z,0)),0) | I40: =IFERROR(E40*H40*IF(욕실설정!$D$5="Y",1,0),0) | K40: 실리콘 외기새시 | L40: =SUMIF($C$9:$C$120,"실리콘 - 자재 (외기·새시)",$I$9:$I$120) | P40: =IFERROR(INDEX(자재마스터!$D:$D,MATCH("bath_waterproof|"&IF(욕실설정!$B$5="기본",우리집!$B$67,욕실설정!$B$5),자재마스터!$Z:$Z,0)),"")
A41: 27 | B41: 공용욕실 | C41: 타일자재 | D41: =IFERROR(INDEX(자재마스터!$J:$J,MATCH("bath_tile|"&IF(욕실설정!$B$6="기본",우리집!$B$67,욕실설정!$B$6),자재마스터!$Z:$Z,0)),"-") | E41: =((INDEX(표준면적!$B$3:$G$10,6,MATCH(표준면적!$J$2,표준면적!$B$2:$G$2,0))+(INDEX(표준면적!$B$3:$G$10,6,(MATCH(표준면적!$J$2,표준면적!$B$2:$G$2,0)+1))-INDEX(표준면적!$B$3:$G$10,6,MATCH(표준면적!$J$2,표준면적!$B$2:$G$2,0)))*표준면적!$J$4)+(INDEX(표준면적!$B$14:$G$21,6,MATCH(표준면적!$J$2,표준면적!$B$2:$G$2,0))+(INDEX(표준면적!$B$14:$G$21,6,(MATCH(표준면적!$J$2,표준면적!$B$2:$G$2,0)+1))-INDEX(표준면적!$B$14:$G$21,6,MATCH(표준면적!$J$2,표준면적!$B$2:$G$2,0)))*표준면적!$J$4)*2.4)*우리집!$B$11 | F41: =IF(욕실설정!$B$6="기본",우리집!$B$67,욕실설정!$B$6) | G41: =IFERROR((INDEX(자재마스터!$F:$F, MATCH("bath_tile|"&IF(욕실설정!$B$6="기본",우리집!$B$67,욕실설정!$B$6),자재마스터!$Z:$Z,0)) & " " & INDEX(자재마스터!$G:$G, MATCH("bath_tile|"&IF(욕실설정!$B$6="기본",우리집!$B$67,욕실설정!$B$6),자재마스터!$Z:$Z,0))),"매칭없음") | H41: =IFERROR(INDEX(자재마스터!$M:$M,MATCH("bath_tile|"&IF(욕실설정!$B$6="기본",우리집!$B$67,욕실설정!$B$6),자재마스터!$Z:$Z,0)),0) | I41: =IFERROR(E41*H41*IF(욕실설정!$D$6="Y",1,0),0) | K41: 공간별 샷시 교체 | L41: =SUMIF($C$9:$C$130,"샷시 교체 (공간별)",$I$9:$I$130) | P41: =IFERROR(INDEX(자재마스터!$D:$D,MATCH("bath_tile|"&IF(욕실설정!$B$6="기본",우리집!$B$67,욕실설정!$B$6),자재마스터!$Z:$Z,0)),"")
A42: 28 | B42: 공용욕실 | C42: 타일시공 | D42: =IFERROR(INDEX(자재마스터!$J:$J,MATCH("bath_tile_method|"&IF(욕실설정!$B$7="기본",우리집!$B$67,욕실설정!$B$7),자재마스터!$Z:$Z,0)),"-") | E42: =(INDEX(표준면적!$B$14:$G$21,6,MATCH(표준면적!$J$2,표준면적!$B$2:$G$2,0))+(INDEX(표준면적!$B$14:$G$21,6,(MATCH(표준면적!$J$2,표준면적!$B$2:$G$2,0)+1))-INDEX(표준면적!$B$14:$G$21,6,MATCH(표준면적!$J$2,표준면적!$B$2:$G$2,0)))*표준면적!$J$4)*우리집!$B$11 | F42: =IF(욕실설정!$B$7="기본",우리집!$B$67,욕실설정!$B$7) | G42: =IFERROR((INDEX(자재마스터!$F:$F, MATCH("bath_tile_method|"&IF(욕실설정!$B$7="기본",우리집!$B$67,욕실설정!$B$7),자재마스터!$Z:$Z,0)) & " " & INDEX(자재마스터!$G:$G, MATCH("bath_tile_method|"&IF(욕실설정!$B$7="기본",우리집!$B$67,욕실설정!$B$7),자재마스터!$Z:$Z,0))),"매칭없음") | H42: =IFERROR(INDEX(자재마스터!$M:$M,MATCH("bath_tile_method|"&IF(욕실설정!$B$7="기본",우리집!$B$67,욕실설정!$B$7),자재마스터!$Z:$Z,0)),0) | I42: =IFERROR(E42*H42*IF(욕실설정!$D$7="Y",1,0),0) | K42: 기타 공종 추가 | L42: =SUMIF($C$9:$C$150,"엘리베이터 보양",$I$9:$I$150)+SUMIF($C$9:$C$150,"주민 동의서 징구",$I$9:$I$150)+SUMIF($C$9:$C$150,"준공청소",$I$9:$I$150) | P42: =IFERROR(INDEX(자재마스터!$D:$D,MATCH("bath_tile_method|"&IF(욕실설정!$B$7="기본",우리집!$B$67,욕실설정!$B$7),자재마스터!$Z:$Z,0)),"")
A43: 29 | B43: 공용욕실 | C43: 파티션 | D43: =IFERROR(INDEX(자재마스터!$J:$J,MATCH(IF(IF(욕실설정!$B$8="기본",우리집!$B$67,욕실설정!$B$8)="가성비","bath_brick|가성비","bath_partition|"&IF(욕실설정!$B$8="기본",우리집!$B$67,욕실설정!$B$8)),자재마스터!$Z:$Z,0)),"-") | E43: =우리집!$B$11 | F43: =IF(욕실설정!$B$8="기본",우리집!$B$67,욕실설정!$B$8) | G43: =IFERROR((INDEX(자재마스터!$F:$F, MATCH(IF(IF(욕실설정!$B$8="기본",우리집!$B$67,욕실설정!$B$8)="가성비","bath_brick|가성비","bath_partition|"&IF(욕실설정!$B$8="기본",우리집!$B$67,욕실설정!$B$8)),자재마스터!$Z:$Z,0)) & " " & INDEX(자재마스터!$G:$G, MATCH(IF(IF(욕실설정!$B$8="기본",우리집!$B$67,욕실설정!$B$8)="가성비","bath_brick|가성비","bath_partition|"&IF(욕실설정!$B$8="기본",우리집!$B$67,욕실설정!$B$8)),자재마스터!$Z:$Z,0))),"매칭없음") | H43: =IFERROR(INDEX(자재마스터!$M:$M,MATCH(IF(IF(욕실설정!$B$8="기본",우리집!$B$67,욕실설정!$B$8)="가성비","bath_brick|가성비","bath_partition|"&IF(욕실설정!$B$8="기본",우리집!$B$67,욕실설정!$B$8)),자재마스터!$Z:$Z,0)),0) | I43: =IFERROR(E43*H43*IF(욕실설정!$D$8="Y",1,0),0) | K43: 터닝도어 | L43: =SUMIF($C$9:$C$150,"터닝도어",$I$9:$I$150) | P43: =IFERROR(INDEX(자재마스터!$D:$D,MATCH(IF(IF(욕실설정!$B$8="기본",우리집!$B$67,욕실설정!$B$8)="가성비","bath_brick|가성비","bath_partition|"&IF(욕실설정!$B$8="기본",우리집!$B$67,욕실설정!$B$8)),자재마스터!$Z:$Z,0)),"")
A44: 30 | B44: 공용욕실 | C44: 천정 | D44: =IFERROR(INDEX(자재마스터!$J:$J,MATCH("bath_ceiling|"&IF(욕실설정!$B$9="기본",우리집!$B$67,욕실설정!$B$9),자재마스터!$Z:$Z,0)),"-") | E44: =(INDEX(표준면적!$B$3:$G$10,6,MATCH(표준면적!$J$2,표준면적!$B$2:$G$2,0))+(INDEX(표준면적!$B$3:$G$10,6,(MATCH(표준면적!$J$2,표준면적!$B$2:$G$2,0)+1))-INDEX(표준면적!$B$3:$G$10,6,MATCH(표준면적!$J$2,표준면적!$B$2:$G$2,0)))*표준면적!$J$4)*우리집!$B$11 | F44: =IF(욕실설정!$B$9="기본",우리집!$B$67,욕실설정!$B$9) | G44: =IFERROR((INDEX(자재마스터!$F:$F, MATCH("bath_ceiling|"&IF(욕실설정!$B$9="기본",우리집!$B$67,욕실설정!$B$9),자재마스터!$Z:$Z,0)) & " " & INDEX(자재마스터!$G:$G, MATCH("bath_ceiling|"&IF(욕실설정!$B$9="기본",우리집!$B$67,욕실설정!$B$9),자재마스터!$Z:$Z,0))),"매칭없음") | H44: =IFERROR(INDEX(자재마스터!$M:$M,MATCH("bath_ceiling|"&IF(욕실설정!$B$9="기본",우리집!$B$67,욕실설정!$B$9),자재마스터!$Z:$Z,0)),0) | I44: =IFERROR(E44*H44*IF(욕실설정!$D$9="Y",1,0),0) | K44: 문틀/문짝 | L44: =SUMIF($C$9:$C$150,"문틀/문짝",$I$9:$I$150) | P44: =IFERROR(INDEX(자재마스터!$D:$D,MATCH("bath_ceiling|"&IF(욕실설정!$B$9="기본",우리집!$B$67,욕실설정!$B$9),자재마스터!$Z:$Z,0)),"")
A45: 31 | B45: 공용욕실 | C45: 세면대 | D45: =IFERROR(INDEX(자재마스터!$J:$J,MATCH("bath_basin|"&IF(욕실설정!$B$10="기본",우리집!$B$67,욕실설정!$B$10),자재마스터!$Z:$Z,0)),"-") | E45: =우리집!$B$11 | F45: =IF(욕실설정!$B$10="기본",우리집!$B$67,욕실설정!$B$10) | G45: =IFERROR((INDEX(자재마스터!$F:$F, MATCH("bath_basin|"&IF(욕실설정!$B$10="기본",우리집!$B$67,욕실설정!$B$10),자재마스터!$Z:$Z,0)) & " " & INDEX(자재마스터!$G:$G, MATCH("bath_basin|"&IF(욕실설정!$B$10="기본",우리집!$B$67,욕실설정!$B$10),자재마스터!$Z:$Z,0))),"매칭없음") | H45: =IFERROR(INDEX(자재마스터!$M:$M,MATCH("bath_basin|"&IF(욕실설정!$B$10="기본",우리집!$B$67,욕실설정!$B$10),자재마스터!$Z:$Z,0)),0) | I45: =IFERROR(E45*H45*IF(욕실설정!$D$10="Y",1,0),0) | K45: 난방배관 교체 | L45: =SUMIF($C$9:$C$160,"난방배관 교체",$I$9:$I$160) | P45: =IFERROR(INDEX(자재마스터!$D:$D,MATCH("bath_basin|"&IF(욕실설정!$B$10="기본",우리집!$B$67,욕실설정!$B$10),자재마스터!$Z:$Z,0)),"")
A46: 32 | B46: 공용욕실 | C46: 수전 | D46: =IFERROR(INDEX(자재마스터!$J:$J,MATCH("bath_faucet|"&IF(욕실설정!$B$11="기본",우리집!$B$67,욕실설정!$B$11),자재마스터!$Z:$Z,0)),"-") | E46: =우리집!$B$11 | F46: =IF(욕실설정!$B$11="기본",우리집!$B$67,욕실설정!$B$11) | G46: =IFERROR((INDEX(자재마스터!$F:$F, MATCH("bath_faucet|"&IF(욕실설정!$B$11="기본",우리집!$B$67,욕실설정!$B$11),자재마스터!$Z:$Z,0)) & " " & INDEX(자재마스터!$G:$G, MATCH("bath_faucet|"&IF(욕실설정!$B$11="기본",우리집!$B$67,욕실설정!$B$11),자재마스터!$Z:$Z,0))),"매칭없음") | H46: =IFERROR(INDEX(자재마스터!$M:$M,MATCH("bath_faucet|"&IF(욕실설정!$B$11="기본",우리집!$B$67,욕실설정!$B$11),자재마스터!$Z:$Z,0)),0) | I46: =IFERROR(E46*H46*IF(욕실설정!$D$11="Y",1,0),0) | P46: =IFERROR(INDEX(자재마스터!$D:$D,MATCH("bath_faucet|"&IF(욕실설정!$B$11="기본",우리집!$B$67,욕실설정!$B$11),자재마스터!$Z:$Z,0)),"")
A47: 33 | B47: 공용욕실 | C47: 양변기 | D47: =IFERROR(INDEX(자재마스터!$J:$J,MATCH("bath_toilet|"&IF(욕실설정!$B$12="기본",우리집!$B$67,욕실설정!$B$12),자재마스터!$Z:$Z,0)),"-") | E47: =우리집!$B$11 | F47: =IF(욕실설정!$B$12="기본",우리집!$B$67,욕실설정!$B$12) | G47: =IFERROR((INDEX(자재마스터!$F:$F, MATCH("bath_toilet|"&IF(욕실설정!$B$12="기본",우리집!$B$67,욕실설정!$B$12),자재마스터!$Z:$Z,0)) & " " & INDEX(자재마스터!$G:$G, MATCH("bath_toilet|"&IF(욕실설정!$B$12="기본",우리집!$B$67,욕실설정!$B$12),자재마스터!$Z:$Z,0))),"매칭없음") | H47: =IFERROR(INDEX(자재마스터!$M:$M,MATCH("bath_toilet|"&IF(욕실설정!$B$12="기본",우리집!$B$67,욕실설정!$B$12),자재마스터!$Z:$Z,0)),0) | I47: =IFERROR(E47*H47*IF(욕실설정!$D$12="Y",1,0),0) | P47: =IFERROR(INDEX(자재마스터!$D:$D,MATCH("bath_toilet|"&IF(욕실설정!$B$12="기본",우리집!$B$67,욕실설정!$B$12),자재마스터!$Z:$Z,0)),"")
A48: 34 | B48: 공용욕실 | C48: 악세사리 | D48: =IFERROR(INDEX(자재마스터!$J:$J,MATCH("bath_accessory|"&IF(욕실설정!$B$13="기본",우리집!$B$67,욕실설정!$B$13),자재마스터!$Z:$Z,0)),"-") | E48: =우리집!$B$11 | F48: =IF(욕실설정!$B$13="기본",우리집!$B$67,욕실설정!$B$13) | G48: =IFERROR((INDEX(자재마스터!$F:$F, MATCH("bath_accessory|"&IF(욕실설정!$B$13="기본",우리집!$B$67,욕실설정!$B$13),자재마스터!$Z:$Z,0)) & " " & INDEX(자재마스터!$G:$G, MATCH("bath_accessory|"&IF(욕실설정!$B$13="기본",우리집!$B$67,욕실설정!$B$13),자재마스터!$Z:$Z,0))),"매칭없음") | H48: =IFERROR(INDEX(자재마스터!$M:$M,MATCH("bath_accessory|"&IF(욕실설정!$B$13="기본",우리집!$B$67,욕실설정!$B$13),자재마스터!$Z:$Z,0)),0) | I48: =IFERROR(E48*H48*IF(욕실설정!$D$13="Y",1,0),0) | P48: =IFERROR(INDEX(자재마스터!$D:$D,MATCH("bath_accessory|"&IF(욕실설정!$B$13="기본",우리집!$B$67,욕실설정!$B$13),자재마스터!$Z:$Z,0)),"")
A49: 35 | B49: 공용욕실 | C49: 줄눈 | D49: =IFERROR(INDEX(자재마스터!$J:$J,MATCH("bath_grout|"&IF(욕실설정!$B$14="기본",우리집!$B$67,욕실설정!$B$14),자재마스터!$Z:$Z,0)),"-") | E49: =((INDEX(표준면적!$B$3:$G$10,6,MATCH(표준면적!$J$2,표준면적!$B$2:$G$2,0))+(INDEX(표준면적!$B$3:$G$10,6,(MATCH(표준면적!$J$2,표준면적!$B$2:$G$2,0)+1))-INDEX(표준면적!$B$3:$G$10,6,MATCH(표준면적!$J$2,표준면적!$B$2:$G$2,0)))*표준면적!$J$4)+(INDEX(표준면적!$B$14:$G$21,6,MATCH(표준면적!$J$2,표준면적!$B$2:$G$2,0))+(INDEX(표준면적!$B$14:$G$21,6,(MATCH(표준면적!$J$2,표준면적!$B$2:$G$2,0)+1))-INDEX(표준면적!$B$14:$G$21,6,MATCH(표준면적!$J$2,표준면적!$B$2:$G$2,0)))*표준면적!$J$4)*2.4)*우리집!$B$11 | F49: =IF(욕실설정!$B$14="기본",우리집!$B$67,욕실설정!$B$14) | G49: =IFERROR((INDEX(자재마스터!$F:$F, MATCH("bath_grout|"&IF(욕실설정!$B$14="기본",우리집!$B$67,욕실설정!$B$14),자재마스터!$Z:$Z,0)) & " " & INDEX(자재마스터!$G:$G, MATCH("bath_grout|"&IF(욕실설정!$B$14="기본",우리집!$B$67,욕실설정!$B$14),자재마스터!$Z:$Z,0))),"매칭없음") | H49: =IFERROR(INDEX(자재마스터!$M:$M,MATCH("bath_grout|"&IF(욕실설정!$B$14="기본",우리집!$B$67,욕실설정!$B$14),자재마스터!$Z:$Z,0)),0) | I49: =IFERROR(E49*H49*IF(욕실설정!$D$14="Y",1,0),0) | P49: =IFERROR(INDEX(자재마스터!$D:$D,MATCH("bath_grout|"&IF(욕실설정!$B$14="기본",우리집!$B$67,욕실설정!$B$14),자재마스터!$Z:$Z,0)),"")
A50: 36 | B50: 부부욕실 | C50: 젠다이 | D50: =IFERROR(INDEX(자재마스터!$J:$J,MATCH("bath_jendai|"&IF(욕실설정!$C$4="기본",우리집!$B$68,욕실설정!$C$4),자재마스터!$Z:$Z,0)),"-") | E50: =우리집!$B$12 | F50: =IF(욕실설정!$C$4="기본",우리집!$B$68,욕실설정!$C$4) | G50: =IFERROR((INDEX(자재마스터!$F:$F, MATCH("bath_jendai|"&IF(욕실설정!$C$4="기본",우리집!$B$68,욕실설정!$C$4),자재마스터!$Z:$Z,0)) & " " & INDEX(자재마스터!$G:$G, MATCH("bath_jendai|"&IF(욕실설정!$C$4="기본",우리집!$B$68,욕실설정!$C$4),자재마스터!$Z:$Z,0))),"매칭없음") | H50: =IFERROR(INDEX(자재마스터!$M:$M,MATCH("bath_jendai|"&IF(욕실설정!$C$4="기본",우리집!$B$68,욕실설정!$C$4),자재마스터!$Z:$Z,0)),0) | I50: =IFERROR(E50*H50*IF(욕실설정!$E$4="Y",1,0),0) | P50: =IFERROR(INDEX(자재마스터!$D:$D,MATCH("bath_jendai|"&IF(욕실설정!$C$4="기본",우리집!$B$68,욕실설정!$C$4),자재마스터!$Z:$Z,0)),"")
A51: 37 | B51: 부부욕실 | C51: 방수 | D51: =IFERROR(INDEX(자재마스터!$J:$J,MATCH("bath_waterproof|"&IF(욕실설정!$C$5="기본",우리집!$B$68,욕실설정!$C$5),자재마스터!$Z:$Z,0)),"-") | E51: =((INDEX(표준면적!$B$3:$G$10,7,MATCH(표준면적!$J$2,표준면적!$B$2:$G$2,0))+(INDEX(표준면적!$B$3:$G$10,7,(MATCH(표준면적!$J$2,표준면적!$B$2:$G$2,0)+1))-INDEX(표준면적!$B$3:$G$10,7,MATCH(표준면적!$J$2,표준면적!$B$2:$G$2,0)))*표준면적!$J$4)+(INDEX(표준면적!$B$14:$G$21,7,MATCH(표준면적!$J$2,표준면적!$B$2:$G$2,0))+(INDEX(표준면적!$B$14:$G$21,7,(MATCH(표준면적!$J$2,표준면적!$B$2:$G$2,0)+1))-INDEX(표준면적!$B$14:$G$21,7,MATCH(표준면적!$J$2,표준면적!$B$2:$G$2,0)))*표준면적!$J$4))*우리집!$B$12 | F51: =IF(욕실설정!$C$5="기본",우리집!$B$68,욕실설정!$C$5) | G51: =IFERROR((INDEX(자재마스터!$F:$F, MATCH("bath_waterproof|"&IF(욕실설정!$C$5="기본",우리집!$B$68,욕실설정!$C$5),자재마스터!$Z:$Z,0)) & " " & INDEX(자재마스터!$G:$G, MATCH("bath_waterproof|"&IF(욕실설정!$C$5="기본",우리집!$B$68,욕실설정!$C$5),자재마스터!$Z:$Z,0))),"매칭없음") | H51: =IFERROR(INDEX(자재마스터!$M:$M,MATCH("bath_waterproof|"&IF(욕실설정!$C$5="기본",우리집!$B$68,욕실설정!$C$5),자재마스터!$Z:$Z,0)),0) | I51: =IFERROR(E51*H51*IF(욕실설정!$E$5="Y",1,0),0) | P51: =IFERROR(INDEX(자재마스터!$D:$D,MATCH("bath_waterproof|"&IF(욕실설정!$C$5="기본",우리집!$B$68,욕실설정!$C$5),자재마스터!$Z:$Z,0)),"")
A52: 38 | B52: 부부욕실 | C52: 타일자재 | D52: =IFERROR(INDEX(자재마스터!$J:$J,MATCH("bath_tile|"&IF(욕실설정!$C$6="기본",우리집!$B$68,욕실설정!$C$6),자재마스터!$Z:$Z,0)),"-") | E52: =((INDEX(표준면적!$B$3:$G$10,7,MATCH(표준면적!$J$2,표준면적!$B$2:$G$2,0))+(INDEX(표준면적!$B$3:$G$10,7,(MATCH(표준면적!$J$2,표준면적!$B$2:$G$2,0)+1))-INDEX(표준면적!$B$3:$G$10,7,MATCH(표준면적!$J$2,표준면적!$B$2:$G$2,0)))*표준면적!$J$4)+(INDEX(표준면적!$B$14:$G$21,7,MATCH(표준면적!$J$2,표준면적!$B$2:$G$2,0))+(INDEX(표준면적!$B$14:$G$21,7,(MATCH(표준면적!$J$2,표준면적!$B$2:$G$2,0)+1))-INDEX(표준면적!$B$14:$G$21,7,MATCH(표준면적!$J$2,표준면적!$B$2:$G$2,0)))*표준면적!$J$4)*2.4)*우리집!$B$12 | F52: =IF(욕실설정!$C$6="기본",우리집!$B$68,욕실설정!$C$6) | G52: =IFERROR((INDEX(자재마스터!$F:$F, MATCH("bath_tile|"&IF(욕실설정!$C$6="기본",우리집!$B$68,욕실설정!$C$6),자재마스터!$Z:$Z,0)) & " " & INDEX(자재마스터!$G:$G, MATCH("bath_tile|"&IF(욕실설정!$C$6="기본",우리집!$B$68,욕실설정!$C$6),자재마스터!$Z:$Z,0))),"매칭없음") | H52: =IFERROR(INDEX(자재마스터!$M:$M,MATCH("bath_tile|"&IF(욕실설정!$C$6="기본",우리집!$B$68,욕실설정!$C$6),자재마스터!$Z:$Z,0)),0) | I52: =IFERROR(E52*H52*IF(욕실설정!$E$6="Y",1,0),0) | P52: =IFERROR(INDEX(자재마스터!$D:$D,MATCH("bath_tile|"&IF(욕실설정!$C$6="기본",우리집!$B$68,욕실설정!$C$6),자재마스터!$Z:$Z,0)),"")
A53: 39 | B53: 부부욕실 | C53: 타일시공 | D53: =IFERROR(INDEX(자재마스터!$J:$J,MATCH("bath_tile_method|"&IF(욕실설정!$C$7="기본",우리집!$B$68,욕실설정!$C$7),자재마스터!$Z:$Z,0)),"-") | E53: =(INDEX(표준면적!$B$14:$G$21,7,MATCH(표준면적!$J$2,표준면적!$B$2:$G$2,0))+(INDEX(표준면적!$B$14:$G$21,7,(MATCH(표준면적!$J$2,표준면적!$B$2:$G$2,0)+1))-INDEX(표준면적!$B$14:$G$21,7,MATCH(표준면적!$J$2,표준면적!$B$2:$G$2,0)))*표준면적!$J$4)*우리집!$B$12 | F53: =IF(욕실설정!$C$7="기본",우리집!$B$68,욕실설정!$C$7) | G53: =IFERROR((INDEX(자재마스터!$F:$F, MATCH("bath_tile_method|"&IF(욕실설정!$C$7="기본",우리집!$B$68,욕실설정!$C$7),자재마스터!$Z:$Z,0)) & " " & INDEX(자재마스터!$G:$G, MATCH("bath_tile_method|"&IF(욕실설정!$C$7="기본",우리집!$B$68,욕실설정!$C$7),자재마스터!$Z:$Z,0))),"매칭없음") | H53: =IFERROR(INDEX(자재마스터!$M:$M,MATCH("bath_tile_method|"&IF(욕실설정!$C$7="기본",우리집!$B$68,욕실설정!$C$7),자재마스터!$Z:$Z,0)),0) | I53: =IFERROR(E53*H53*IF(욕실설정!$E$7="Y",1,0),0) | P53: =IFERROR(INDEX(자재마스터!$D:$D,MATCH("bath_tile_method|"&IF(욕실설정!$C$7="기본",우리집!$B$68,욕실설정!$C$7),자재마스터!$Z:$Z,0)),"")
A54: 40 | B54: 부부욕실 | C54: 파티션 | D54: =IFERROR(INDEX(자재마스터!$J:$J,MATCH(IF(IF(욕실설정!$C$8="기본",우리집!$B$68,욕실설정!$C$8)="가성비","bath_brick|가성비","bath_partition|"&IF(욕실설정!$C$8="기본",우리집!$B$68,욕실설정!$C$8)),자재마스터!$Z:$Z,0)),"-") | E54: =우리집!$B$12 | F54: =IF(욕실설정!$C$8="기본",우리집!$B$68,욕실설정!$C$8) | G54: =IFERROR((INDEX(자재마스터!$F:$F, MATCH(IF(IF(욕실설정!$C$8="기본",우리집!$B$68,욕실설정!$C$8)="가성비","bath_brick|가성비","bath_partition|"&IF(욕실설정!$C$8="기본",우리집!$B$68,욕실설정!$C$8)),자재마스터!$Z:$Z,0)) & " " & INDEX(자재마스터!$G:$G, MATCH(IF(IF(욕실설정!$C$8="기본",우리집!$B$68,욕실설정!$C$8)="가성비","bath_brick|가성비","bath_partition|"&IF(욕실설정!$C$8="기본",우리집!$B$68,욕실설정!$C$8)),자재마스터!$Z:$Z,0))),"매칭없음") | H54: =IFERROR(INDEX(자재마스터!$M:$M,MATCH(IF(IF(욕실설정!$C$8="기본",우리집!$B$68,욕실설정!$C$8)="가성비","bath_brick|가성비","bath_partition|"&IF(욕실설정!$C$8="기본",우리집!$B$68,욕실설정!$C$8)),자재마스터!$Z:$Z,0)),0) | I54: =IFERROR(E54*H54*IF(욕실설정!$E$8="Y",1,0),0) | P54: =IFERROR(INDEX(자재마스터!$D:$D,MATCH(IF(IF(욕실설정!$C$8="기본",우리집!$B$68,욕실설정!$C$8)="가성비","bath_brick|가성비","bath_partition|"&IF(욕실설정!$C$8="기본",우리집!$B$68,욕실설정!$C$8)),자재마스터!$Z:$Z,0)),"")
A55: 41 | B55: 부부욕실 | C55: 천정 | D55: =IFERROR(INDEX(자재마스터!$J:$J,MATCH("bath_ceiling|"&IF(욕실설정!$C$9="기본",우리집!$B$68,욕실설정!$C$9),자재마스터!$Z:$Z,0)),"-") | E55: =(INDEX(표준면적!$B$3:$G$10,7,MATCH(표준면적!$J$2,표준면적!$B$2:$G$2,0))+(INDEX(표준면적!$B$3:$G$10,7,(MATCH(표준면적!$J$2,표준면적!$B$2:$G$2,0)+1))-INDEX(표준면적!$B$3:$G$10,7,MATCH(표준면적!$J$2,표준면적!$B$2:$G$2,0)))*표준면적!$J$4)*우리집!$B$12 | F55: =IF(욕실설정!$C$9="기본",우리집!$B$68,욕실설정!$C$9) | G55: =IFERROR((INDEX(자재마스터!$F:$F, MATCH("bath_ceiling|"&IF(욕실설정!$C$9="기본",우리집!$B$68,욕실설정!$C$9),자재마스터!$Z:$Z,0)) & " " & INDEX(자재마스터!$G:$G, MATCH("bath_ceiling|"&IF(욕실설정!$C$9="기본",우리집!$B$68,욕실설정!$C$9),자재마스터!$Z:$Z,0))),"매칭없음") | H55: =IFERROR(INDEX(자재마스터!$M:$M,MATCH("bath_ceiling|"&IF(욕실설정!$C$9="기본",우리집!$B$68,욕실설정!$C$9),자재마스터!$Z:$Z,0)),0) | I55: =IFERROR(E55*H55*IF(욕실설정!$E$9="Y",1,0),0) | P55: =IFERROR(INDEX(자재마스터!$D:$D,MATCH("bath_ceiling|"&IF(욕실설정!$C$9="기본",우리집!$B$68,욕실설정!$C$9),자재마스터!$Z:$Z,0)),"")
A56: 42 | B56: 부부욕실 | C56: 세면대 | D56: =IFERROR(INDEX(자재마스터!$J:$J,MATCH("bath_basin|"&IF(욕실설정!$C$10="기본",우리집!$B$68,욕실설정!$C$10),자재마스터!$Z:$Z,0)),"-") | E56: =우리집!$B$12 | F56: =IF(욕실설정!$C$10="기본",우리집!$B$68,욕실설정!$C$10) | G56: =IFERROR((INDEX(자재마스터!$F:$F, MATCH("bath_basin|"&IF(욕실설정!$C$10="기본",우리집!$B$68,욕실설정!$C$10),자재마스터!$Z:$Z,0)) & " " & INDEX(자재마스터!$G:$G, MATCH("bath_basin|"&IF(욕실설정!$C$10="기본",우리집!$B$68,욕실설정!$C$10),자재마스터!$Z:$Z,0))),"매칭없음") | H56: =IFERROR(INDEX(자재마스터!$M:$M,MATCH("bath_basin|"&IF(욕실설정!$C$10="기본",우리집!$B$68,욕실설정!$C$10),자재마스터!$Z:$Z,0)),0) | I56: =IFERROR(E56*H56*IF(욕실설정!$E$10="Y",1,0),0) | P56: =IFERROR(INDEX(자재마스터!$D:$D,MATCH("bath_basin|"&IF(욕실설정!$C$10="기본",우리집!$B$68,욕실설정!$C$10),자재마스터!$Z:$Z,0)),"")
A57: 43 | B57: 부부욕실 | C57: 수전 | D57: =IFERROR(INDEX(자재마스터!$J:$J,MATCH("bath_faucet|"&IF(욕실설정!$C$11="기본",우리집!$B$68,욕실설정!$C$11),자재마스터!$Z:$Z,0)),"-") | E57: =우리집!$B$12 | F57: =IF(욕실설정!$C$11="기본",우리집!$B$68,욕실설정!$C$11) | G57: =IFERROR((INDEX(자재마스터!$F:$F, MATCH("bath_faucet|"&IF(욕실설정!$C$11="기본",우리집!$B$68,욕실설정!$C$11),자재마스터!$Z:$Z,0)) & " " & INDEX(자재마스터!$G:$G, MATCH("bath_faucet|"&IF(욕실설정!$C$11="기본",우리집!$B$68,욕실설정!$C$11),자재마스터!$Z:$Z,0))),"매칭없음") | H57: =IFERROR(INDEX(자재마스터!$M:$M,MATCH("bath_faucet|"&IF(욕실설정!$C$11="기본",우리집!$B$68,욕실설정!$C$11),자재마스터!$Z:$Z,0)),0) | I57: =IFERROR(E57*H57*IF(욕실설정!$E$11="Y",1,0),0) | P57: =IFERROR(INDEX(자재마스터!$D:$D,MATCH("bath_faucet|"&IF(욕실설정!$C$11="기본",우리집!$B$68,욕실설정!$C$11),자재마스터!$Z:$Z,0)),"")
A58: 44 | B58: 부부욕실 | C58: 양변기 | D58: =IFERROR(INDEX(자재마스터!$J:$J,MATCH("bath_toilet|"&IF(욕실설정!$C$12="기본",우리집!$B$68,욕실설정!$C$12),자재마스터!$Z:$Z,0)),"-") | E58: =우리집!$B$12 | F58: =IF(욕실설정!$C$12="기본",우리집!$B$68,욕실설정!$C$12) | G58: =IFERROR((INDEX(자재마스터!$F:$F, MATCH("bath_toilet|"&IF(욕실설정!$C$12="기본",우리집!$B$68,욕실설정!$C$12),자재마스터!$Z:$Z,0)) & " " & INDEX(자재마스터!$G:$G, MATCH("bath_toilet|"&IF(욕실설정!$C$12="기본",우리집!$B$68,욕실설정!$C$12),자재마스터!$Z:$Z,0))),"매칭없음") | H58: =IFERROR(INDEX(자재마스터!$M:$M,MATCH("bath_toilet|"&IF(욕실설정!$C$12="기본",우리집!$B$68,욕실설정!$C$12),자재마스터!$Z:$Z,0)),0) | I58: =IFERROR(E58*H58*IF(욕실설정!$E$12="Y",1,0),0) | P58: =IFERROR(INDEX(자재마스터!$D:$D,MATCH("bath_toilet|"&IF(욕실설정!$C$12="기본",우리집!$B$68,욕실설정!$C$12),자재마스터!$Z:$Z,0)),"")
A59: 45 | B59: 부부욕실 | C59: 악세사리 | D59: =IFERROR(INDEX(자재마스터!$J:$J,MATCH("bath_accessory|"&IF(욕실설정!$C$13="기본",우리집!$B$68,욕실설정!$C$13),자재마스터!$Z:$Z,0)),"-") | E59: =우리집!$B$12 | F59: =IF(욕실설정!$C$13="기본",우리집!$B$68,욕실설정!$C$13) | G59: =IFERROR((INDEX(자재마스터!$F:$F, MATCH("bath_accessory|"&IF(욕실설정!$C$13="기본",우리집!$B$68,욕실설정!$C$13),자재마스터!$Z:$Z,0)) & " " & INDEX(자재마스터!$G:$G, MATCH("bath_accessory|"&IF(욕실설정!$C$13="기본",우리집!$B$68,욕실설정!$C$13),자재마스터!$Z:$Z,0))),"매칭없음") | H59: =IFERROR(INDEX(자재마스터!$M:$M,MATCH("bath_accessory|"&IF(욕실설정!$C$13="기본",우리집!$B$68,욕실설정!$C$13),자재마스터!$Z:$Z,0)),0) | I59: =IFERROR(E59*H59*IF(욕실설정!$E$13="Y",1,0),0) | P59: =IFERROR(INDEX(자재마스터!$D:$D,MATCH("bath_accessory|"&IF(욕실설정!$C$13="기본",우리집!$B$68,욕실설정!$C$13),자재마스터!$Z:$Z,0)),"")
A60: 46 | B60: 부부욕실 | C60: 줄눈 | D60: =IFERROR(INDEX(자재마스터!$J:$J,MATCH("bath_grout|"&IF(욕실설정!$C$14="기본",우리집!$B$68,욕실설정!$C$14),자재마스터!$Z:$Z,0)),"-") | E60: =((INDEX(표준면적!$B$3:$G$10,7,MATCH(표준면적!$J$2,표준면적!$B$2:$G$2,0))+(INDEX(표준면적!$B$3:$G$10,7,(MATCH(표준면적!$J$2,표준면적!$B$2:$G$2,0)+1))-INDEX(표준면적!$B$3:$G$10,7,MATCH(표준면적!$J$2,표준면적!$B$2:$G$2,0)))*표준면적!$J$4)+(INDEX(표준면적!$B$14:$G$21,7,MATCH(표준면적!$J$2,표준면적!$B$2:$G$2,0))+(INDEX(표준면적!$B$14:$G$21,7,(MATCH(표준면적!$J$2,표준면적!$B$2:$G$2,0)+1))-INDEX(표준면적!$B$14:$G$21,7,MATCH(표준면적!$J$2,표준면적!$B$2:$G$2,0)))*표준면적!$J$4)*2.4)*우리집!$B$12 | F60: =IF(욕실설정!$C$14="기본",우리집!$B$68,욕실설정!$C$14) | G60: =IFERROR((INDEX(자재마스터!$F:$F, MATCH("bath_grout|"&IF(욕실설정!$C$14="기본",우리집!$B$68,욕실설정!$C$14),자재마스터!$Z:$Z,0)) & " " & INDEX(자재마스터!$G:$G, MATCH("bath_grout|"&IF(욕실설정!$C$14="기본",우리집!$B$68,욕실설정!$C$14),자재마스터!$Z:$Z,0))),"매칭없음") | H60: =IFERROR(INDEX(자재마스터!$M:$M,MATCH("bath_grout|"&IF(욕실설정!$C$14="기본",우리집!$B$68,욕실설정!$C$14),자재마스터!$Z:$Z,0)),0) | I60: =IFERROR(E60*H60*IF(욕실설정!$E$14="Y",1,0),0) | P60: =IFERROR(INDEX(자재마스터!$D:$D,MATCH("bath_grout|"&IF(욕실설정!$C$14="기본",우리집!$B$68,욕실설정!$C$14),자재마스터!$Z:$Z,0)),"")
A61: 47 | B61: 전체 | C61: 욕실 설치비 | D61: =IFERROR(INDEX(자재마스터!$J:$J,MATCH("bath_install|"&우리집!$B$67,자재마스터!$Z:$Z,0)),"-") | E61: =우리집!$B$11+우리집!$B$12 | F61: =우리집!$B$67 | G61: =IFERROR((INDEX(자재마스터!$F:$F, MATCH("bath_install|"&우리집!$B$67,자재마스터!$Z:$Z,0)) & " " & INDEX(자재마스터!$G:$G, MATCH("bath_install|"&우리집!$B$67,자재마스터!$Z:$Z,0))),"매칭없음") | H61: =IFERROR(INDEX(자재마스터!$M:$M,MATCH("bath_install|"&우리집!$B$67,자재마스터!$Z:$Z,0)),0) | I61: =IFERROR(E61*H61*IF(COUNTIF(욕실설정!$D$4:$E$14,"Y")>0,1,0),0) | P61: =IFERROR(INDEX(자재마스터!$D:$D,MATCH("bath_install|"&우리집!$B$67,자재마스터!$Z:$Z,0)),"")
A62: 48 | B62: 전체 | C62: 타일 시공팀 (1팀×일) | D62: =IFERROR(INDEX(자재마스터!$J:$J,MATCH("tile_labor|"&우리집!$B$67,자재마스터!$Z:$Z,0)),"-") | E62: =(IF(우리집!$B$8<30,2,IF(우리집!$B$8<50,3,4)))+IF(우리집!$B$67="가성비",0,1) | F62: =우리집!$B$67 | G62: =IFERROR((INDEX(자재마스터!$F:$F, MATCH("tile_labor|"&우리집!$B$67,자재마스터!$Z:$Z,0)) & " " & INDEX(자재마스터!$G:$G, MATCH("tile_labor|"&우리집!$B$67,자재마스터!$Z:$Z,0))),"매칭없음") | H62: =IFERROR(INDEX(자재마스터!$M:$M,MATCH("tile_labor|"&우리집!$B$67,자재마스터!$Z:$Z,0)),0) | I62: =IFERROR(E62*H62*IF(COUNTIF(욕실설정!$D$4:$E$14,"Y")>0,1,0),0) | P62: =IFERROR(INDEX(자재마스터!$D:$D,MATCH("tile_labor|"&우리집!$B$67,자재마스터!$Z:$Z,0)),"")
C63: ━ 욕실 소계 | I63: =SUM(I39:I62)
A64: 49 | B64: 주방 | C64: 주방가구 세트 (몸체+도어) | D64: =IFERROR(INDEX(자재마스터!$J:$J,MATCH("kitchen_furniture|"&IF(주방설정!$B$10="기본",우리집!$B$69,주방설정!$B$10),자재마스터!$Z:$Z,0)),"-") | E64: =우리집!$B$118 | F64: =IF(주방설정!$B$10="기본",우리집!$B$69,주방설정!$B$10) | G64: =IFERROR((INDEX(자재마스터!$F:$F, MATCH("kitchen_furniture|"&IF(주방설정!$B$10="기본",우리집!$B$69,주방설정!$B$10),자재마스터!$Z:$Z,0)) & " " & INDEX(자재마스터!$G:$G, MATCH("kitchen_furniture|"&IF(주방설정!$B$10="기본",우리집!$B$69,주방설정!$B$10),자재마스터!$Z:$Z,0))),"매칭없음") | H64: =IFERROR(INDEX(자재마스터!$M:$M,MATCH("kitchen_furniture|"&IF(주방설정!$B$10="기본",우리집!$B$69,주방설정!$B$10),자재마스터!$Z:$Z,0)),0) | I64: =IFERROR(E64*H64*IF(주방설정!$C$10="Y",1,0),0) | P64: =IFERROR(INDEX(자재마스터!$D:$D,MATCH("kitchen_furniture|"&IF(주방설정!$B$10="기본",우리집!$B$69,주방설정!$B$10),자재마스터!$Z:$Z,0)),"")
A65: 50 | B65: 주방 | C65: 미드웨이 | D65: =IFERROR(INDEX(자재마스터!$J:$J,MATCH("kitchen_midway|"&IF(주방설정!$B$4="기본",우리집!$B$69,주방설정!$B$4),자재마스터!$Z:$Z,0)),"-") | E65: =우리집!$B$118 | F65: =IF(주방설정!$B$4="기본",우리집!$B$69,주방설정!$B$4) | G65: =IFERROR((INDEX(자재마스터!$F:$F, MATCH("kitchen_midway|"&IF(주방설정!$B$4="기본",우리집!$B$69,주방설정!$B$4),자재마스터!$Z:$Z,0)) & " " & INDEX(자재마스터!$G:$G, MATCH("kitchen_midway|"&IF(주방설정!$B$4="기본",우리집!$B$69,주방설정!$B$4),자재마스터!$Z:$Z,0))),"매칭없음") | H65: =IFERROR(INDEX(자재마스터!$M:$M,MATCH("kitchen_midway|"&IF(주방설정!$B$4="기본",우리집!$B$69,주방설정!$B$4),자재마스터!$Z:$Z,0)),0) | I65: =IFERROR(E65*H65*IF(주방설정!$C$4="Y",1,0),0) | P65: =IFERROR(INDEX(자재마스터!$D:$D,MATCH("kitchen_midway|"&IF(주방설정!$B$4="기본",우리집!$B$69,주방설정!$B$4),자재마스터!$Z:$Z,0)),"")
A66: 51 | B66: 주방 | C66: (미사용) 도어 — 세트 통합 | D66: =IFERROR(INDEX(자재마스터!$J:$J,MATCH("kitchen_door|"&IF(주방설정!$B$5="기본",우리집!$B$69,주방설정!$B$5),자재마스터!$Z:$Z,0)),"-") | E66: 0 | F66: =IF(주방설정!$B$5="기본",우리집!$B$69,주방설정!$B$5) | G66: =IFERROR((INDEX(자재마스터!$F:$F, MATCH("kitchen_door|"&IF(주방설정!$B$5="기본",우리집!$B$69,주방설정!$B$5),자재마스터!$Z:$Z,0)) & " " & INDEX(자재마스터!$G:$G, MATCH("kitchen_door|"&IF(주방설정!$B$5="기본",우리집!$B$69,주방설정!$B$5),자재마스터!$Z:$Z,0))),"매칭없음") | H66: =IFERROR(INDEX(자재마스터!$M:$M,MATCH("kitchen_door|"&IF(주방설정!$B$5="기본",우리집!$B$69,주방설정!$B$5),자재마스터!$Z:$Z,0)),0) | I66: =IFERROR(E66*H66*0,0) | P66: =IFERROR(INDEX(자재마스터!$D:$D,MATCH("kitchen_door|"&IF(주방설정!$B$5="기본",우리집!$B$69,주방설정!$B$5),자재마스터!$Z:$Z,0)),"")
A67: 52 | B67: 주방 | C67: 상판 | D67: =IFERROR(INDEX(자재마스터!$J:$J,MATCH("kitchen_top|"&IF(주방설정!$B$6="기본",우리집!$B$69,주방설정!$B$6),자재마스터!$Z:$Z,0)),"-") | E67: =우리집!$B$118 | F67: =IF(주방설정!$B$6="기본",우리집!$B$69,주방설정!$B$6) | G67: =IFERROR((INDEX(자재마스터!$F:$F, MATCH("kitchen_top|"&IF(주방설정!$B$6="기본",우리집!$B$69,주방설정!$B$6),자재마스터!$Z:$Z,0)) & " " & INDEX(자재마스터!$G:$G, MATCH("kitchen_top|"&IF(주방설정!$B$6="기본",우리집!$B$69,주방설정!$B$6),자재마스터!$Z:$Z,0))),"매칭없음") | H67: =IFERROR(INDEX(자재마스터!$M:$M,MATCH("kitchen_top|"&IF(주방설정!$B$6="기본",우리집!$B$69,주방설정!$B$6),자재마스터!$Z:$Z,0)),0) | I67: =IFERROR(E67*H67*IF(주방설정!$C$6="Y",1,0),0) | P67: =IFERROR(INDEX(자재마스터!$D:$D,MATCH("kitchen_top|"&IF(주방설정!$B$6="기본",우리집!$B$69,주방설정!$B$6),자재마스터!$Z:$Z,0)),"")
A68: 53 | B68: 주방 | C68: 하드웨어 | D68: =IFERROR(INDEX(자재마스터!$J:$J,MATCH("kitchen_hardware|"&IF(주방설정!$B$7="기본",우리집!$B$69,주방설정!$B$7),자재마스터!$Z:$Z,0)),"-") | E68: =ROUND(우리집!$B$118*4.5,0) | F68: =IF(주방설정!$B$7="기본",우리집!$B$69,주방설정!$B$7) | G68: =IFERROR((INDEX(자재마스터!$F:$F, MATCH("kitchen_hardware|"&IF(주방설정!$B$7="기본",우리집!$B$69,주방설정!$B$7),자재마스터!$Z:$Z,0)) & " " & INDEX(자재마스터!$G:$G, MATCH("kitchen_hardware|"&IF(주방설정!$B$7="기본",우리집!$B$69,주방설정!$B$7),자재마스터!$Z:$Z,0))),"매칭없음") | H68: =IFERROR(INDEX(자재마스터!$M:$M,MATCH("kitchen_hardware|"&IF(주방설정!$B$7="기본",우리집!$B$69,주방설정!$B$7),자재마스터!$Z:$Z,0)),0) | I68: =IFERROR(E68*H68*IF(주방설정!$C$7="Y",1,0),0) | P68: =IFERROR(INDEX(자재마스터!$D:$D,MATCH("kitchen_hardware|"&IF(주방설정!$B$7="기본",우리집!$B$69,주방설정!$B$7),자재마스터!$Z:$Z,0)),"")
A69: 54 | B69: 주방 | C69: 후드 | D69: =IFERROR(INDEX(자재마스터!$J:$J,MATCH("kitchen_hood|"&IF(주방설정!$B$8="기본",우리집!$B$69,주방설정!$B$8),자재마스터!$Z:$Z,0)),"-") | E69: =1 | F69: =IF(주방설정!$B$8="기본",우리집!$B$69,주방설정!$B$8) | G69: =IFERROR((INDEX(자재마스터!$F:$F, MATCH("kitchen_hood|"&IF(주방설정!$B$8="기본",우리집!$B$69,주방설정!$B$8),자재마스터!$Z:$Z,0)) & " " & INDEX(자재마스터!$G:$G, MATCH("kitchen_hood|"&IF(주방설정!$B$8="기본",우리집!$B$69,주방설정!$B$8),자재마스터!$Z:$Z,0))),"매칭없음") | H69: =IFERROR(INDEX(자재마스터!$M:$M,MATCH("kitchen_hood|"&IF(주방설정!$B$8="기본",우리집!$B$69,주방설정!$B$8),자재마스터!$Z:$Z,0)),0) | I69: =IFERROR(E69*H69*IF(주방설정!$C$8="Y",1,0),0) | P69: =IFERROR(INDEX(자재마스터!$D:$D,MATCH("kitchen_hood|"&IF(주방설정!$B$8="기본",우리집!$B$69,주방설정!$B$8),자재마스터!$Z:$Z,0)),"")
A70: 55 | B70: 주방 | C70: 싱크볼 | D70: =IFERROR(INDEX(자재마스터!$J:$J,MATCH("kitchen_sink|"&IF(주방설정!$B$9="기본",우리집!$B$69,주방설정!$B$9),자재마스터!$Z:$Z,0)),"-") | E70: =1 | F70: =IF(주방설정!$B$9="기본",우리집!$B$69,주방설정!$B$9) | G70: =IFERROR((INDEX(자재마스터!$F:$F, MATCH("kitchen_sink|"&IF(주방설정!$B$9="기본",우리집!$B$69,주방설정!$B$9),자재마스터!$Z:$Z,0)) & " " & INDEX(자재마스터!$G:$G, MATCH("kitchen_sink|"&IF(주방설정!$B$9="기본",우리집!$B$69,주방설정!$B$9),자재마스터!$Z:$Z,0))),"매칭없음") | H70: =IFERROR(INDEX(자재마스터!$M:$M,MATCH("kitchen_sink|"&IF(주방설정!$B$9="기본",우리집!$B$69,주방설정!$B$9),자재마스터!$Z:$Z,0)),0) | I70: =IFERROR(E70*H70*IF(주방설정!$C$9="Y",1,0),0) | P70: =IFERROR(INDEX(자재마스터!$D:$D,MATCH("kitchen_sink|"&IF(주방설정!$B$9="기본",우리집!$B$69,주방설정!$B$9),자재마스터!$Z:$Z,0)),"")
C71: ━ 주방가구 소계 | I71: =SUM(I64:I70)
A72: 56 | B72: 거실 | C72: 중문 | D72: =IFERROR(INDEX(자재마스터!$J:$J,MATCH("sliding_door|"&우리집!$B$70,자재마스터!$Z:$Z,0)),"-") | E72: =1 | F72: =우리집!$B$70 | G72: =IFERROR((INDEX(자재마스터!$F:$F, MATCH("sliding_door|"&우리집!$B$70,자재마스터!$Z:$Z,0)) & " " & INDEX(자재마스터!$G:$G, MATCH("sliding_door|"&우리집!$B$70,자재마스터!$Z:$Z,0))),"매칭없음") | H72: =IFERROR(INDEX(자재마스터!$M:$M,MATCH("sliding_door|"&우리집!$B$70,자재마스터!$Z:$Z,0)),0) | I72: =IFERROR(E72*H72*IF(공사범위!$B$16="Y",1,0),0) | P72: =IFERROR(INDEX(자재마스터!$D:$D,MATCH("sliding_door|"&우리집!$B$70,자재마스터!$Z:$Z,0)),"")
A73: 57 | B73: 현관 | C73: 일반가구 | D73: =IFERROR(INDEX(자재마스터!$J:$J,MATCH("general_furniture|"&우리집!$B$71,자재마스터!$Z:$Z,0)),"-") | E73: =1 | F73: =우리집!$B$71 | G73: =IFERROR((INDEX(자재마스터!$F:$F, MATCH("general_furniture|"&우리집!$B$71,자재마스터!$Z:$Z,0)) & " " & INDEX(자재마스터!$G:$G, MATCH("general_furniture|"&우리집!$B$71,자재마스터!$Z:$Z,0))),"매칭없음") | H73: =IFERROR(INDEX(자재마스터!$M:$M,MATCH("general_furniture|"&우리집!$B$71,자재마스터!$Z:$Z,0)),0) | I73: =IFERROR(E73*H73*IF(공사범위!$B$17="Y",1,0),0) | P73: =IFERROR(INDEX(자재마스터!$D:$D,MATCH("general_furniture|"&우리집!$B$71,자재마스터!$Z:$Z,0)),"")
A74: 58 | B74: 안방 | C74: 붙박이장 | D74: =IFERROR(INDEX(자재마스터!$J:$J,MATCH("closet|"&우리집!$B$75,자재마스터!$Z:$Z,0)),"-") | E74: =IF(우리집!B8>=30,2.4,2) | F74: =우리집!$B$75 | G74: =IFERROR((INDEX(자재마스터!$F:$F, MATCH("closet|"&우리집!$B$75,자재마스터!$Z:$Z,0)) & " " & INDEX(자재마스터!$G:$G, MATCH("closet|"&우리집!$B$75,자재마스터!$Z:$Z,0))),"매칭없음") | H74: =IFERROR(INDEX(자재마스터!$M:$M,MATCH("closet|"&우리집!$B$75,자재마스터!$Z:$Z,0)),0) | I74: =IFERROR(E74*H74*IF(공사범위!$F$5="Y",1,0),0) | P74: =IFERROR(INDEX(자재마스터!$D:$D,MATCH("closet|"&우리집!$B$75,자재마스터!$Z:$Z,0)),"")
A75: 59 | B75: 작은방1 | C75: 붙박이장 | D75: =IFERROR(INDEX(자재마스터!$J:$J,MATCH("closet|"&우리집!$B$75,자재마스터!$Z:$Z,0)),"-") | E75: =IF(우리집!B8>=40,2.4,IF(우리집!B8>=30,2,1.8)) | F75: =우리집!$B$75 | G75: =IFERROR((INDEX(자재마스터!$F:$F, MATCH("closet|"&우리집!$B$75,자재마스터!$Z:$Z,0)) & " " & INDEX(자재마스터!$G:$G, MATCH("closet|"&우리집!$B$75,자재마스터!$Z:$Z,0))),"매칭없음") | H75: =IFERROR(INDEX(자재마스터!$M:$M,MATCH("closet|"&우리집!$B$75,자재마스터!$Z:$Z,0)),0) | I75: =IFERROR(E75*H75*IF(공사범위!$F$6="Y",1,0),0) | P75: =IFERROR(INDEX(자재마스터!$D:$D,MATCH("closet|"&우리집!$B$75,자재마스터!$Z:$Z,0)),"")
A76: 60 | B76: 작은방2 | C76: 붙박이장 | D76: =IFERROR(INDEX(자재마스터!$J:$J,MATCH("closet|"&우리집!$B$75,자재마스터!$Z:$Z,0)),"-") | E76: =IF(우리집!B8>=40,2.4,IF(우리집!B8>=30,2,1.8)) | F76: =우리집!$B$75 | G76: =IFERROR((INDEX(자재마스터!$F:$F, MATCH("closet|"&우리집!$B$75,자재마스터!$Z:$Z,0)) & " " & INDEX(자재마스터!$G:$G, MATCH("closet|"&우리집!$B$75,자재마스터!$Z:$Z,0))),"매칭없음") | H76: =IFERROR(INDEX(자재마스터!$M:$M,MATCH("closet|"&우리집!$B$75,자재마스터!$Z:$Z,0)),0) | I76: =IFERROR(E76*H76*IF(공사범위!$F$7="Y",1,0),0) | P76: =IFERROR(INDEX(자재마스터!$D:$D,MATCH("closet|"&우리집!$B$75,자재마스터!$Z:$Z,0)),"")
C77: ━ 가구·도어 소계 | I77: =SUM(I72:I76,I130:I131)
A78: 61 | B78: 전체 | C78: 전기 기본공사 | D78: =IFERROR(INDEX(자재마스터!$J:$J,MATCH("electrical_base|"&우리집!$B$78,자재마스터!$Z:$Z,0)),"-") | E78: =우리집!$B$14 | F78: =우리집!$B$78 | G78: =IFERROR((INDEX(자재마스터!$F:$F, MATCH("electrical_base|"&우리집!$B$78,자재마스터!$Z:$Z,0)) & " " & INDEX(자재마스터!$G:$G, MATCH("electrical_base|"&우리집!$B$78,자재마스터!$Z:$Z,0))),"매칭없음") | H78: =IFERROR(INDEX(자재마스터!$M:$M,MATCH("electrical_base|"&우리집!$B$78,자재마스터!$Z:$Z,0)),0) | I78: =IFERROR(E78*H78,0) | P78: =IFERROR(INDEX(자재마스터!$D:$D,MATCH("electrical_base|"&우리집!$B$78,자재마스터!$Z:$Z,0)),"")
A79: 62 | B79: 전체 | C79: 스위치/콘센트 | D79: =IFERROR(INDEX(자재마스터!$J:$J,MATCH("electrical_switch|"&우리집!$B$78,자재마스터!$Z:$Z,0)),"-") | E79: =IF(우리집!$B$8<15,18,IF(우리집!$B$8<25,24,IF(우리집!$B$8<35,34,IF(우리집!$B$8<45,42,IF(우리집!$B$8<55,50,56))))) | F79: =우리집!$B$78 | G79: =IFERROR((INDEX(자재마스터!$F:$F, MATCH("electrical_switch|"&우리집!$B$78,자재마스터!$Z:$Z,0)) & " " & INDEX(자재마스터!$G:$G, MATCH("electrical_switch|"&우리집!$B$78,자재마스터!$Z:$Z,0))),"매칭없음") | H79: =IFERROR(INDEX(자재마스터!$M:$M,MATCH("electrical_switch|"&우리집!$B$78,자재마스터!$Z:$Z,0)),0) | I79: =IFERROR(E79*H79*IF(공사범위!$B$23="Y",1,0),0) | P79: =IFERROR(INDEX(자재마스터!$D:$D,MATCH("electrical_switch|"&우리집!$B$78,자재마스터!$Z:$Z,0)),"")
A80: 63 | B80: 주방 | C80: 인덕션 전용선 | D80: =IFERROR(INDEX(자재마스터!$J:$J,MATCH("induction_line|"&우리집!$B$78,자재마스터!$Z:$Z,0)),"-") | E80: =1 | F80: =우리집!$B$78 | G80: =IFERROR((INDEX(자재마스터!$F:$F, MATCH("induction_line|"&우리집!$B$78,자재마스터!$Z:$Z,0)) & " " & INDEX(자재마스터!$G:$G, MATCH("induction_line|"&우리집!$B$78,자재마스터!$Z:$Z,0))),"매칭없음") | H80: =IFERROR(INDEX(자재마스터!$M:$M,MATCH("induction_line|"&우리집!$B$78,자재마스터!$Z:$Z,0)),0) | I80: =IFERROR(E80*H80*IF(공사범위!$B$24="Y",1,0),0) | P80: =IFERROR(INDEX(자재마스터!$D:$D,MATCH("induction_line|"&우리집!$B$78,자재마스터!$Z:$Z,0)),"")
A81: 64 | B81: 전체 | C81: 다운라이트 | D81: =IFERROR(INDEX(자재마스터!$J:$J,MATCH("lighting_downlight|"&우리집!$B$72,자재마스터!$Z:$Z,0)),"-") | E81: =ROUND((INDEX(표준면적!$B$3:$G$10,1,MATCH(표준면적!$J$2,표준면적!$B$2:$G$2,0))+(INDEX(표준면적!$B$3:$G$10,1,(MATCH(표준면적!$J$2,표준면적!$B$2:$G$2,0)+1))-INDEX(표준면적!$B$3:$G$10,1,MATCH(표준면적!$J$2,표준면적!$B$2:$G$2,0)))*표준면적!$J$4),0)+(1+IF(우리집!$B$8>=15,1,0)+IF(우리집!$B$8>=28,1,0))*6+(우리집!$B$11+우리집!$B$12)*4+8 | F81: =우리집!$B$72 | G81: =IFERROR((INDEX(자재마스터!$F:$F, MATCH("lighting_downlight|"&우리집!$B$72,자재마스터!$Z:$Z,0)) & " " & INDEX(자재마스터!$G:$G, MATCH("lighting_downlight|"&우리집!$B$72,자재마스터!$Z:$Z,0))),"매칭없음") | H81: =IFERROR(INDEX(자재마스터!$M:$M,MATCH("lighting_downlight|"&우리집!$B$72,자재마스터!$Z:$Z,0)),0) | I81: =IFERROR(E81*H81*IF(공사범위!$B$18="Y",1,0),0) | P81: =IFERROR(INDEX(자재마스터!$D:$D,MATCH("lighting_downlight|"&우리집!$B$72,자재마스터!$Z:$Z,0)),"")
A82: 65 | B82: 거실 | C82: 거실 간접조명 | D82: =IFERROR(INDEX(자재마스터!$J:$J,MATCH("lighting_indirect_living|"&우리집!$B$72,자재마스터!$Z:$Z,0)),"-") | E82: =1 | F82: =우리집!$B$72 | G82: =IFERROR((INDEX(자재마스터!$F:$F, MATCH("lighting_indirect_living|"&우리집!$B$72,자재마스터!$Z:$Z,0)) & " " & INDEX(자재마스터!$G:$G, MATCH("lighting_indirect_living|"&우리집!$B$72,자재마스터!$Z:$Z,0))),"매칭없음") | H82: =IFERROR(INDEX(자재마스터!$M:$M,MATCH("lighting_indirect_living|"&우리집!$B$72,자재마스터!$Z:$Z,0)),0) | I82: =IFERROR(E82*H82*IF(공사범위!$B$18="Y",1,0),0) | P82: =IFERROR(INDEX(자재마스터!$D:$D,MATCH("lighting_indirect_living|"&우리집!$B$72,자재마스터!$Z:$Z,0)),"")
A83: 66 | B83: 욕실 | C83: 욕실 간접조명 | D83: =IFERROR(INDEX(자재마스터!$J:$J,MATCH("lighting_indirect_bath|"&우리집!$B$72,자재마스터!$Z:$Z,0)),"-") | E83: =우리집!$B$11+우리집!$B$12 | F83: =우리집!$B$72 | G83: =IFERROR((INDEX(자재마스터!$F:$F, MATCH("lighting_indirect_bath|"&우리집!$B$72,자재마스터!$Z:$Z,0)) & " " & INDEX(자재마스터!$G:$G, MATCH("lighting_indirect_bath|"&우리집!$B$72,자재마스터!$Z:$Z,0))),"매칭없음") | H83: =IFERROR(INDEX(자재마스터!$M:$M,MATCH("lighting_indirect_bath|"&우리집!$B$72,자재마스터!$Z:$Z,0)),0) | I83: =IFERROR(E83*H83*IF(공사범위!$B$18="Y",1,0),0) | P83: =IFERROR(INDEX(자재마스터!$D:$D,MATCH("lighting_indirect_bath|"&우리집!$B$72,자재마스터!$Z:$Z,0)),"")
A84: 67 | B84: 거실 | C84: 거실 마그네틱 라인 | D84: =IFERROR(INDEX(자재마스터!$J:$J,MATCH("lighting_magnetic_living|"&우리집!$B$72,자재마스터!$Z:$Z,0)),"-") | E84: =1 | F84: =우리집!$B$72 | G84: =IFERROR((INDEX(자재마스터!$F:$F, MATCH("lighting_magnetic_living|"&우리집!$B$72,자재마스터!$Z:$Z,0)) & " " & INDEX(자재마스터!$G:$G, MATCH("lighting_magnetic_living|"&우리집!$B$72,자재마스터!$Z:$Z,0))),"매칭없음") | H84: =IFERROR(INDEX(자재마스터!$M:$M,MATCH("lighting_magnetic_living|"&우리집!$B$72,자재마스터!$Z:$Z,0)),0) | I84: =IFERROR(E84*H84*IF(공사범위!$B$18="Y",1,0),0) | P84: =IFERROR(INDEX(자재마스터!$D:$D,MATCH("lighting_magnetic_living|"&우리집!$B$72,자재마스터!$Z:$Z,0)),"")
A85: 68 | B85: 주방 | C85: 주방 마그네틱 라인 | D85: =IFERROR(INDEX(자재마스터!$J:$J,MATCH("lighting_magnetic_kitchen|"&우리집!$B$72,자재마스터!$Z:$Z,0)),"-") | E85: =1 | F85: =우리집!$B$72 | G85: =IFERROR((INDEX(자재마스터!$F:$F, MATCH("lighting_magnetic_kitchen|"&우리집!$B$72,자재마스터!$Z:$Z,0)) & " " & INDEX(자재마스터!$G:$G, MATCH("lighting_magnetic_kitchen|"&우리집!$B$72,자재마스터!$Z:$Z,0))),"매칭없음") | H85: =IFERROR(INDEX(자재마스터!$M:$M,MATCH("lighting_magnetic_kitchen|"&우리집!$B$72,자재마스터!$Z:$Z,0)),0) | I85: =IFERROR(E85*H85*IF(공사범위!$B$18="Y",1,0),0) | P85: =IFERROR(INDEX(자재마스터!$D:$D,MATCH("lighting_magnetic_kitchen|"&우리집!$B$72,자재마스터!$Z:$Z,0)),"")
C86: ━ 전기 소계 | I86: =SUM(I78:I85)
A87: 69 | B87: 전체 | C87: 설비 기본공사 | D87: =IFERROR(INDEX(자재마스터!$J:$J,MATCH("plumbing_base|"&우리집!$B$78,자재마스터!$Z:$Z,0)),"-") | E87: =우리집!$B$14 | F87: =우리집!$B$78 | G87: =IFERROR((INDEX(자재마스터!$F:$F, MATCH("plumbing_base|"&우리집!$B$78,자재마스터!$Z:$Z,0)) & " " & INDEX(자재마스터!$G:$G, MATCH("plumbing_base|"&우리집!$B$78,자재마스터!$Z:$Z,0))),"매칭없음") | H87: =IFERROR(INDEX(자재마스터!$M:$M,MATCH("plumbing_base|"&우리집!$B$78,자재마스터!$Z:$Z,0)),0) | I87: =IFERROR(E87*H87,0) | P87: =IFERROR(INDEX(자재마스터!$D:$D,MATCH("plumbing_base|"&우리집!$B$78,자재마스터!$Z:$Z,0)),"")
A88: 70 | B88: 전체 | C88: 분배기 교체 | D88: =IFERROR(INDEX(자재마스터!$J:$J,MATCH("distribution_panel|표준",자재마스터!$Z:$Z,0)),"-") | E88: 1 | F88: 표준 | G88: =IFERROR((INDEX(자재마스터!$F:$F, MATCH("distribution_panel|표준",자재마스터!$Z:$Z,0)) & " " & INDEX(자재마스터!$G:$G, MATCH("distribution_panel|표준",자재마스터!$Z:$Z,0))),"매칭없음") | H88: =IFERROR(INDEX(자재마스터!$M:$M,MATCH("distribution_panel|표준",자재마스터!$Z:$Z,0)),0) | I88: =IFERROR(E88*H88*IF(공사범위!$B$26="Y",1,0),0) | P88: =IFERROR(INDEX(자재마스터!$D:$D,MATCH("distribution_panel|표준",자재마스터!$Z:$Z,0)),"")
A89: 71 | B89: 전체 | C89: 배관 변경 | D89: =IFERROR(INDEX(자재마스터!$J:$J,MATCH("plumbing_relocation|표준",자재마스터!$Z:$Z,0)),"-") | E89: 1 | F89: 표준 | G89: =IFERROR((INDEX(자재마스터!$F:$F, MATCH("plumbing_relocation|표준",자재마스터!$Z:$Z,0)) & " " & INDEX(자재마스터!$G:$G, MATCH("plumbing_relocation|표준",자재마스터!$Z:$Z,0))),"매칭없음") | H89: =IFERROR(INDEX(자재마스터!$M:$M,MATCH("plumbing_relocation|표준",자재마스터!$Z:$Z,0)),0) | I89: =IFERROR(E89*H89*IF(공사범위!$B$27="Y",1,0),0) | P89: =IFERROR(INDEX(자재마스터!$D:$D,MATCH("plumbing_relocation|표준",자재마스터!$Z:$Z,0)),"")
A90: 72 | B90: 전체 | C90: 난방온도조절기 | D90: =IFERROR(INDEX(자재마스터!$J:$J,MATCH("thermostat|"&우리집!$B$63,자재마스터!$Z:$Z,0)),"-") | E90: =IF(우리집!$B$8<20,2,IF(우리집!$B$8<30,3,IF(우리집!$B$8<40,4,5))) | F90: =우리집!$B$63 | G90: =IFERROR((INDEX(자재마스터!$F:$F, MATCH("thermostat|"&우리집!$B$63,자재마스터!$Z:$Z,0)) & " " & INDEX(자재마스터!$G:$G, MATCH("thermostat|"&우리집!$B$63,자재마스터!$Z:$Z,0))),"매칭없음") | H90: =IFERROR(INDEX(자재마스터!$M:$M,MATCH("thermostat|"&우리집!$B$63,자재마스터!$Z:$Z,0)),0) | I90: =IFERROR(E90*H90*IF(공사범위!$B$28="Y",1,0),0) | P90: =IFERROR(INDEX(자재마스터!$D:$D,MATCH("thermostat|"&우리집!$B$63,자재마스터!$Z:$Z,0)),"")
C91: ━ 설비 소계 | I91: =SUM(I87:I90)
A92: 73 | B92: 거실 | C92: 시스템에어컨 | D92: =IFERROR(INDEX(자재마스터!$J:$J,MATCH("aircon|"&우리집!$B$74,자재마스터!$Z:$Z,0)),"-") | E92: =1 | F92: =우리집!$B$74 | G92: =IFERROR((INDEX(자재마스터!$F:$F, MATCH("aircon|"&우리집!$B$74,자재마스터!$Z:$Z,0)) & " " & INDEX(자재마스터!$G:$G, MATCH("aircon|"&우리집!$B$74,자재마스터!$Z:$Z,0))),"매칭없음") | H92: =IFERROR(INDEX(자재마스터!$M:$M,MATCH("aircon|"&우리집!$B$74,자재마스터!$Z:$Z,0)),0) | I92: =IFERROR(E92*H92*IF(공사범위!$E$3="Y",1,0),0) | P92: =IFERROR(INDEX(자재마스터!$D:$D,MATCH("aircon|"&우리집!$B$74,자재마스터!$Z:$Z,0)),"")
A93: 74 | B93: 안방 | C93: 시스템에어컨 | D93: =IFERROR(INDEX(자재마스터!$J:$J,MATCH("aircon|"&우리집!$B$74,자재마스터!$Z:$Z,0)),"-") | E93: =1 | F93: =우리집!$B$74 | G93: =IFERROR((INDEX(자재마스터!$F:$F, MATCH("aircon|"&우리집!$B$74,자재마스터!$Z:$Z,0)) & " " & INDEX(자재마스터!$G:$G, MATCH("aircon|"&우리집!$B$74,자재마스터!$Z:$Z,0))),"매칭없음") | H93: =IFERROR(INDEX(자재마스터!$M:$M,MATCH("aircon|"&우리집!$B$74,자재마스터!$Z:$Z,0)),0) | I93: =IFERROR(E93*H93*IF(공사범위!$E$5="Y",1,0),0) | P93: =IFERROR(INDEX(자재마스터!$D:$D,MATCH("aircon|"&우리집!$B$74,자재마스터!$Z:$Z,0)),"")
A94: 75 | B94: 작은방1 | C94: 시스템에어컨 | D94: =IFERROR(INDEX(자재마스터!$J:$J,MATCH("aircon|"&우리집!$B$74,자재마스터!$Z:$Z,0)),"-") | E94: =1 | F94: =우리집!$B$74 | G94: =IFERROR((INDEX(자재마스터!$F:$F, MATCH("aircon|"&우리집!$B$74,자재마스터!$Z:$Z,0)) & " " & INDEX(자재마스터!$G:$G, MATCH("aircon|"&우리집!$B$74,자재마스터!$Z:$Z,0))),"매칭없음") | H94: =IFERROR(INDEX(자재마스터!$M:$M,MATCH("aircon|"&우리집!$B$74,자재마스터!$Z:$Z,0)),0) | I94: =IFERROR(E94*H94*IF(공사범위!$E$6="Y",1,0),0) | P94: =IFERROR(INDEX(자재마스터!$D:$D,MATCH("aircon|"&우리집!$B$74,자재마스터!$Z:$Z,0)),"")
A95: 76 | B95: 전체 | C95: 에어컨 실외기 | D95: =IFERROR(INDEX(자재마스터!$J:$J,MATCH("aircon_outdoor|"&우리집!$B$74,자재마스터!$Z:$Z,0)),"-") | E95: =1 | F95: =우리집!$B$74 | G95: =IFERROR((INDEX(자재마스터!$F:$F, MATCH("aircon_outdoor|"&우리집!$B$74,자재마스터!$Z:$Z,0)) & " " & INDEX(자재마스터!$G:$G, MATCH("aircon_outdoor|"&우리집!$B$74,자재마스터!$Z:$Z,0))),"매칭없음") | H95: =IFERROR(INDEX(자재마스터!$M:$M,MATCH("aircon_outdoor|"&우리집!$B$74,자재마스터!$Z:$Z,0)),0) | I95: =IFERROR(E95*H95*IF(공사범위!$B$21="Y",1,0),0) | P95: =IFERROR(INDEX(자재마스터!$D:$D,MATCH("aircon_outdoor|"&우리집!$B$74,자재마스터!$Z:$Z,0)),"")
C96: ━ 시스템에어컨 소계 | I96: =SUM(I92:I95,I125:I126)
A97: 77 | B97: 거실 | C97: 실링팬 | D97: =IFERROR(INDEX(자재마스터!$J:$J,MATCH("ceiling_fan|"&우리집!$B$76,자재마스터!$Z:$Z,0)),"-") | E97: =1 | F97: =우리집!$B$76 | G97: =IFERROR((INDEX(자재마스터!$F:$F, MATCH("ceiling_fan|"&우리집!$B$76,자재마스터!$Z:$Z,0)) & " " & INDEX(자재마스터!$G:$G, MATCH("ceiling_fan|"&우리집!$B$76,자재마스터!$Z:$Z,0))),"매칭없음") | H97: =IFERROR(INDEX(자재마스터!$M:$M,MATCH("ceiling_fan|"&우리집!$B$76,자재마스터!$Z:$Z,0)),0) | I97: =IFERROR(E97*H97*IF(공사범위!$G$3="Y",1,0),0) | P97: =IFERROR(INDEX(자재마스터!$D:$D,MATCH("ceiling_fan|"&우리집!$B$76,자재마스터!$Z:$Z,0)),"")
A98: 78 | B98: 안방 | C98: 실링팬 | D98: =IFERROR(INDEX(자재마스터!$J:$J,MATCH("ceiling_fan|"&우리집!$B$76,자재마스터!$Z:$Z,0)),"-") | E98: =1 | F98: =우리집!$B$76 | G98: =IFERROR((INDEX(자재마스터!$F:$F, MATCH("ceiling_fan|"&우리집!$B$76,자재마스터!$Z:$Z,0)) & " " & INDEX(자재마스터!$G:$G, MATCH("ceiling_fan|"&우리집!$B$76,자재마스터!$Z:$Z,0))),"매칭없음") | H98: =IFERROR(INDEX(자재마스터!$M:$M,MATCH("ceiling_fan|"&우리집!$B$76,자재마스터!$Z:$Z,0)),0) | I98: =IFERROR(E98*H98*IF(공사범위!$G$5="Y",1,0),0) | P98: =IFERROR(INDEX(자재마스터!$D:$D,MATCH("ceiling_fan|"&우리집!$B$76,자재마스터!$Z:$Z,0)),"")
C99: ━ 실링팬 소계 | I99: =SUM(I97:I98,I127:I129)
A100: 79 | B100: 전체 | C100: 목공사 기본 | D100: =IFERROR(INDEX(자재마스터!$J:$J,MATCH("carpentry_base|"&우리집!$B$77,자재마스터!$Z:$Z,0)),"-") | E100: 1 | F100: =우리집!$B$77 | G100: =IFERROR((INDEX(자재마스터!$F:$F, MATCH("carpentry_base|"&우리집!$B$77,자재마스터!$Z:$Z,0)) & " " & INDEX(자재마스터!$G:$G, MATCH("carpentry_base|"&우리집!$B$77,자재마스터!$Z:$Z,0))),"매칭없음") | H100: =IFERROR(INDEX(자재마스터!$M:$M,MATCH("carpentry_base|"&우리집!$B$77,자재마스터!$Z:$Z,0)),0) | I100: =IFERROR(E100*H100*IF(우리집!$B$55="Y",1,0),0) | P100: =IFERROR(INDEX(자재마스터!$D:$D,MATCH("carpentry_base|"&우리집!$B$77,자재마스터!$Z:$Z,0)),"")
A101: 80 | B101: 거실 | C101: 천정 우물→평천정 | D101: =IFERROR(INDEX(자재마스터!$J:$J,MATCH("carpentry_ceiling|"&우리집!$B$77,자재마스터!$Z:$Z,0)),"-") | E101: =(INDEX(표준면적!$B$3:$G$10,1,MATCH(표준면적!$J$2,표준면적!$B$2:$G$2,0))+(INDEX(표준면적!$B$3:$G$10,1,(MATCH(표준면적!$J$2,표준면적!$B$2:$G$2,0)+1))-INDEX(표준면적!$B$3:$G$10,1,MATCH(표준면적!$J$2,표준면적!$B$2:$G$2,0)))*표준면적!$J$4) | F101: =우리집!$B$77 | G101: =IFERROR((INDEX(자재마스터!$F:$F, MATCH("carpentry_ceiling|"&우리집!$B$77,자재마스터!$Z:$Z,0)) & " " & INDEX(자재마스터!$G:$G, MATCH("carpentry_ceiling|"&우리집!$B$77,자재마스터!$Z:$Z,0))),"매칭없음") | H101: =IFERROR(INDEX(자재마스터!$M:$M,MATCH("carpentry_ceiling|"&우리집!$B$77,자재마스터!$Z:$Z,0)),0) | I101: =IFERROR(E101*H101*IF(공사범위!$B$19="Y",1,0),0) | P101: =IFERROR(INDEX(자재마스터!$D:$D,MATCH("carpentry_ceiling|"&우리집!$B$77,자재마스터!$Z:$Z,0)),"")
A102: 81 | B102: 전체 | C102: 가벽/구조 변경 | D102: =IFERROR(INDEX(자재마스터!$J:$J,MATCH("carpentry_partition|"&우리집!$B$77,자재마스터!$Z:$Z,0)),"-") | E102: =IFERROR(IF(ISNUMBER(우리집!$B$41),우리집!$B$41*2.3,0),0) | F102: =우리집!$B$77 | G102: =IFERROR((INDEX(자재마스터!$F:$F, MATCH("carpentry_partition|"&우리집!$B$77,자재마스터!$Z:$Z,0)) & " " & INDEX(자재마스터!$G:$G, MATCH("carpentry_partition|"&우리집!$B$77,자재마스터!$Z:$Z,0))),"매칭없음") | H102: =IFERROR(INDEX(자재마스터!$M:$M,MATCH("carpentry_partition|"&우리집!$B$77,자재마스터!$Z:$Z,0)),0) | I102: =IFERROR(E102*H102*IF(IFERROR(IF(ISNUMBER(우리집!$B$41),우리집!$B$41,0),0)>0,1,0),0) | P102: =IFERROR(INDEX(자재마스터!$D:$D,MATCH("carpentry_partition|"&우리집!$B$77,자재마스터!$Z:$Z,0)),"")
...

Sheet 자재마스터
A1: material_id | B1: status | C1: work_type | D1: category | E1: sub_category | F1: brand | G1: product_line | H1: installer_spec | I1: tags | J1: unit_type | K1: material_price | L1: labor_price | M1: total_unit_price | N1: price_source | O1: price_updated_at | P1: verified_by | Q1: image_main_url | R1: image_case1_url | S1: image_case2_url | T1: image_alt_text | U1: image_source | V1: image_license_note | W1: image_updated_at | X1: notes_internal | Y1: primary_grade | Z1: lookup_key | AA1: secondary_key
A2: MAT-FL-001 | B2: active | C2: flooring | D2: 마루 | E2: 강마루 | F2: 구정마루 | G2: 구정강 | H2: 구정마루 구정강 9.4×800×7.5T | I2: 가성비, 주력 | J2: per_m2 | K2: 22000 | L2: 12000 | M2: =K2+L2 | N2: 시장가 추정 | O2: 2026-04 | P2: operator | Y2: =LEFT(I2,FIND(",",I2&",")-1) | Z2: =C2&"|"&Y2 | AA2: =E2&"|"&Y2
A3: MAT-FL-002 | B3: active | C3: flooring | D3: 마루 | E3: 장판 | F3: LX하우시스 | G3: 지인 | H3: LX 지인 8.0T | I3: 가성비 | J3: per_m2 | K3: 12000 | L3: 12000 | M3: =K3+L3 | N3: 시장가 추정 | O3: 2026-04 | P3: operator | Y3: =LEFT(I3,FIND(",",I3&",")-1) | Z3: =C3&"|"&Y3 | AA3: =E3&"|"&Y3
A4: MAT-FL-003 | B4: active | C4: flooring | D4: 마루 | E4: 장판 | F4: 한화L&C | G4: 한샘프리미엄 | H4: 한화L&C 한샘프리미엄 8.0T | I4: 가성비 | J4: per_m2 | K4: 15000 | L4: 12000 | M4: =K4+L4 | N4: 시장가 추정 | O4: 2026-04 | P4: operator | Y4: =LEFT(I4,FIND(",",I4&",")-1) | Z4: =C4&"|"&Y4 | AA4: =E4&"|"&Y4
A5: MAT-FL-004 | B5: active | C5: flooring | D5: 마루 | E5: 강화마루 | F5: 동화자연마루 | G5: 나투스진 | H5: 동화자연마루 나투스진 8.0T | I5: 가성비 | J5: per_m2 | K5: 22000 | L5: 13000 | M5: =K5+L5 | N5: 시장가 추정 | O5: 2026-04 | P5: operator | Y5: =LEFT(I5,FIND(",",I5&",")-1) | Z5: =C5&"|"&Y5 | AA5: =E5&"|"&Y5
A6: MAT-FL-005 | B6: active | C6: flooring | D6: 마루 | E6: 강마루 | F6: 구정마루 | G6: 그랜드텍스처165 | H6: 구정마루 그랜드텍스처 165 165×1200×7.5T | I6: 표준, 주력 | J6: per_m2 | K6: 32000 | L6: 14000 | M6: =K6+L6 | N6: 시장가 추정 | O6: 2026-04 | P6: operator | Y6: =LEFT(I6,FIND(",",I6&",")-1) | Z6: =C6&"|"&Y6 | AA6: =E6&"|"&Y6
A7: MAT-FL-006 | B7: active | C7: flooring | D7: 마루 | E7: 장판 | F7: 녹수 | G7: 펠리체 | H7: 녹수 펠리체 9.0T | I7: 표준 | J7: per_m2 | K7: 22000 | L7: 14000 | M7: =K7+L7 | N7: 시장가 추정 | O7: 2026-04 | P7: operator | Y7: =LEFT(I7,FIND(",",I7&",")-1) | Z7: =C7&"|"&Y7 | AA7: =E7&"|"&Y7
A8: MAT-FL-007 | B8: active | C8: flooring | D8: 마루 | E8: 강화마루 | F8: 구정마루 | G8: 강화시리즈 | H8: 구정마루 강화 12T | I8: 표준 | J8: per_m2 | K8: 28000 | L8: 14000 | M8: =K8+L8 | N8: 시장가 추정 | O8: 2026-04 | P8: operator | Y8: =LEFT(I8,FIND(",",I8&",")-1) | Z8: =C8&"|"&Y8 | AA8: =E8&"|"&Y8
A9: MAT-FL-008 | B9: active | C9: flooring | D9: 마루 | E9: 강화마루 | F9: LX하우시스 | G9: 헤링본 | H9: LX하우시스 강화 헤링본 | I9: 표준 | J9: per_m2 | K9: 35000 | L9: 20000 | M9: =K9+L9 | N9: 시장 시세 검증 (2026-05) | O9: 2026-05 | P9: operator | X9: 쓰레드/SNS 시장가 검증 (헤링본 추가비 +5,000/㎡) | Y9: =LEFT(I9,FIND(",",I9&",")-1) | Z9: =C9&"|"&Y9 | AA9: =E9&"|"&Y9
A10: MAT-FL-009 | B10: active | C10: flooring | D10: 마루 | E10: 강마루 | F10: 동화자연마루 | G10: 더원 | H10: 동화자연마루 더원 165×1200×7.5T | I10: 표준 | J10: per_m2 | K10: 40000 | L10: 16000 | M10: =K10+L10 | N10: 시장가 추정 | O10: 2026-04 | P10: operator | Y10: =LEFT(I10,FIND(",",I10&",")-1) | Z10: =C10&"|"&Y10 | AA10: =E10&"|"&Y10
A11: MAT-FL-010 | B11: active | C11: flooring | D11: 마루 | E11: 강마루 | F11: LX하우시스 | G11: 에디톤180 | H11: LX하우시스 에디톤 180×1220×5.0T | I11: 고급, 주력 | J11: per_m2 | K11: 55000 | L11: 22000 | M11: =K11+L11 | N11: 시장가 추정 | O11: 2026-04 | P11: operator | Y11: =LEFT(I11,FIND(",",I11&",")-1) | Z11: =C11&"|"&Y11 | AA11: =E11&"|"&Y11
A12: MAT-FL-011 | B12: active | C12: flooring | D12: 마루 | E12: 강마루 | F12: 구정마루 | G12: 헤링본 | H12: 구정마루 헤링본 9.4×600×7.5T | I12: 고급 | J12: per_m2 | K12: 50000 | L12: 26000 | M12: =K12+L12 | N12: 시장 시세 검증 (2026-05) | O12: 2026-05 | P12: operator | X12: 쓰레드/SNS (헤링본 추가 인건비) | Y12: =LEFT(I12,FIND(",",I12&",")-1) | Z12: =C12&"|"&Y12 | AA12: =E12&"|"&Y12
A13: MAT-FL-012 | B13: active | C13: flooring | D13: 마루 | E13: 원목마루 | F13: 이건마루 | G13: 골드 | H13: 이건마루 골드 14×120×900 | I13: 고급 | J13: per_m2 | K13: 65000 | L13: 26000 | M13: =K13+L13 | N13: 시장가 추정 | O13: 2026-04 | P13: operator | Y13: =LEFT(I13,FIND(",",I13&",")-1) | Z13: =C13&"|"&Y13 | AA13: =E13&"|"&Y13
A14: MAT-FL-013 | B14: active | C14: flooring | D14: 마루 | E14: 원목마루 | F14: 구정마루 | G14: 원목광폭 | H14: 구정마루 원목 200폭 | I14: 고급 | J14: per_m2 | K14: 78000 | L14: 30000 | M14: =K14+L14 | N14: 시장가 추정 | O14: 2026-04 | P14: operator | Y14: =LEFT(I14,FIND(",",I14&",")-1) | Z14: =C14&"|"&Y14 | AA14: =E14&"|"&Y14
A15: MAT-WP-001 | B15: active | C15: wallpaper | D15: 도배 | E15: 합지 | F15: 개나리벽지 | G15: 광폭합지 | H15: 개나리벽지 광폭합지 | I15: 가성비, 주력 | J15: per_m2 | K15: 3500 | L15: 4200 | M15: =K15+L15 | N15: 시장 시세 검증 (2026-05) | O15: 2026-05 | P15: operator | X15: 셀인카페·숨고 (광폭 합지 부자재포함) | Y15: =LEFT(I15,FIND(",",I15&",")-1) | Z15: =C15&"|"&Y15 | AA15: =E15&"|"&Y15
A16: MAT-WP-002 | B16: active | C16: wallpaper | D16: 도배 | E16: 합지 | F16: 개나리벽지 | G16: 일반합지 | H16: 개나리벽지 일반합지 | I16: 가성비 | J16: per_m2 | K16: 3000 | L16: 4500 | M16: =K16+L16 | N16: 시장 시세 검증 (2026-05) | O16: 2026-05 | P16: operator | X16: 셀인카페·숨고 (합지 자재 5,000~7,000/㎡) | 셀인카페·숨고 (합지 인건비 4,000~6,000/㎡) | Y16: =LEFT(I16,FIND(",",I16&",")-1) | Z16: =C16&"|"&Y16 | AA16: =E16&"|"&Y16
A17: MAT-WP-003 | B17: active | C17: wallpaper | D17: 도배 | E17: 수성도장 | F17: 삼화페인트 | G17: 수성페인트 | H17: 수성페인트 일반급 2회 | I17: 가성비 | J17: per_m2 | K17: 3500 | L17: 5000 | M17: =K17+L17 | N17: 시장가 추정 | O17: 2026-04 | P17: operator | Y17: =LEFT(I17,FIND(",",I17&",")-1) | Z17: =C17&"|"&Y17 | AA17: =E17&"|"&Y17
A18: MAT-WP-004 | B18: active | C18: wallpaper | D18: 도배 | E18: 실크 | F18: LX하우시스 | G18: 베스띠 | H18: LX하우시스 베스띠 | I18: 표준, 주력 | J18: per_m2 | K18: 7000 | L18: 5500 | M18: =K18+L18 | N18: 시장가 추정 | O18: 2026-04 | P18: operator | Y18: =LEFT(I18,FIND(",",I18&",")-1) | Z18: =C18&"|"&Y18 | AA18: =E18&"|"&Y18
A19: MAT-WP-005 | B19: active | C19: wallpaper | D19: 도배 | E19: 합지 | F19: LX하우시스 | G19: 친환경합지 | H19: LX하우시스 친환경합지 | I19: 표준 | J19: per_m2 | K19: 4000 | L19: 4500 | M19: =K19+L19 | N19: 시장가 추정 | O19: 2026-04 | P19: operator | Y19: =LEFT(I19,FIND(",",I19&",")-1) | Z19: =C19&"|"&Y19 | AA19: =E19&"|"&Y19
A20: MAT-WP-006 | B20: active | C20: wallpaper | D20: 도배 | E20: 실크 | F20: LX하우시스 | G20: 베스띠광폭 | H20: LX하우시스 베스띠 광폭 | I20: 표준 | J20: per_m2 | K20: 8500 | L20: 6000 | M20: =K20+L20 | N20: 시장가 추정 | O20: 2026-04 | P20: operator | Y20: =LEFT(I20,FIND(",",I20&",")-1) | Z20: =C20&"|"&Y20 | AA20: =E20&"|"&Y20
A21: MAT-WP-007 | B21: active | C21: wallpaper | D21: 도배 | E21: 실크 | F21: 디아이디 | G21: 항균실크 | H21: 디아이디 항균실크 | I21: 표준 | J21: per_m2 | K21: 9000 | L21: 6000 | M21: =K21+L21 | N21: 시장가 추정 | O21: 2026-04 | P21: operator | Y21: =LEFT(I21,FIND(",",I21&",")-1) | Z21: =C21&"|"&Y21 | AA21: =E21&"|"&Y21
A22: MAT-WP-008 | B22: active | C22: wallpaper | D22: 도배 | E22: 실크 | F22: 개나리벽지 | G22: 패턴실크 | H22: 개나리벽지 패턴실크 | I22: 표준 | J22: per_m2 | K22: 11000 | L22: 6500 | M22: =K22+L22 | N22: 시장가 추정 | O22: 2026-04 | P22: operator | Y22: =LEFT(I22,FIND(",",I22&",")-1) | Z22: =C22&"|"&Y22 | AA22: =E22&"|"&Y22
A23: MAT-WP-009 | B23: active | C23: wallpaper | D23: 도배 | E23: 실크 | F23: LX하우시스 | G23: 디아망 | H23: LX하우시스 디아망 | I23: 고급, 주력 | J23: per_m2 | K23: 11000 | L23: 7000 | M23: =K23+L23 | N23: 시장가 추정 | O23: 2026-04 | P23: operator | Y23: =LEFT(I23,FIND(",",I23&",")-1) | Z23: =C23&"|"&Y23 | AA23: =E23&"|"&Y23
A24: MAT-WP-010 | B24: active | C24: wallpaper | D24: 도배 | E24: 실크 | F24: 디아이디 | G24: 프리미엄실크 | H24: 디아이디 프리미엄실크 | I24: 고급 | J24: per_m2 | K24: 19000 | L24: 8500 | M24: =K24+L24 | N24: 시장가 추정 | O24: 2026-04 | P24: operator | Y24: =LEFT(I24,FIND(",",I24&",")-1) | Z24: =C24&"|"&Y24 | AA24: =E24&"|"&Y24
A25: MAT-WP-011 | B25: active | C25: wallpaper | D25: 도장 | E25: 친환경도장 | F25: 벤자민무어 | G25: 친환경무광 | H25: 벤자민무어 친환경 무광 | I25: 고급 | J25: per_m2 | K25: 8000 | L25: 6500 | M25: =K25+L25 | N25: 시장가 추정 | O25: 2026-04 | P25: operator | Y25: =LEFT(I25,FIND(",",I25&",")-1) | Z25: =C25&"|"&Y25 | AA25: =E25&"|"&Y25
A26: MAT-MD-001 | B26: active | C26: molding | D26: 몰딩 | E26: PVC | F26: 비브랜드 | G26: 표준PVC | H26: PVC 평몰딩 표준 | I26: 가성비, 주력 | J26: per_m | K26: 2200 | L26: 4000 | M26: =K26+L26 | N26: 시장 시세 검증 (2026-05) | O26: 2026-05 | P26: operator | X26: SNS 단가표 (PVC 평몰딩 m당 6,000~9,000) | Y26: =LEFT(I26,FIND(",",I26&",")-1) | Z26: =C26&"|"&Y26 | AA26: =E26&"|"&Y26
A27: MAT-MD-002 | B27: active | C27: molding | D27: 몰딩 | E27: PVC | F27: 비브랜드 | G27: 슬림PVC | H27: PVC 슬림 평몰딩 | I27: 가성비 | J27: per_m | K27: 3800 | L27: 4800 | M27: =K27+L27 | N27: 시장가 추정 | O27: 2026-04 | P27: operator | Y27: =LEFT(I27,FIND(",",I27&",")-1) | Z27: =C27&"|"&Y27 | AA27: =E27&"|"&Y27
A28: MAT-MD-003 | B28: active | C28: molding | D28: 몰딩 | E28: PVC | F28: 영림 | G28: 각몰딩 | H28: 영림 PVC 각몰딩 | I28: 가성비 | J28: per_m | K28: 5500 | L28: 5500 | M28: =K28+L28 | N28: 시장가 추정 | O28: 2026-04 | P28: operator | Y28: =LEFT(I28,FIND(",",I28&",")-1) | Z28: =C28&"|"&Y28 | AA28: =E28&"|"&Y28
A29: MAT-MD-004 | B29: active | C29: molding | D29: 몰딩 | E29: MDF | F29: 대성 | G29: MDF평몰딩 | H29: 대성 MDF 평몰딩 | I29: 표준, 주력 | J29: per_m | K29: 7800 | L29: 6500 | M29: =K29+L29 | N29: 시장가 추정 | O29: 2026-04 | P29: operator | Y29: =LEFT(I29,FIND(",",I29&",")-1) | Z29: =C29&"|"&Y29 | AA29: =E29&"|"&Y29
A30: MAT-MD-005 | B30: active | C30: molding | D30: 몰딩 | E30: MDF | F30: 영림 | G30: MDF슬림 | H30: 영림 MDF 슬림 도장 | I30: 표준 | J30: per_m | K30: 9500 | L30: 7200 | M30: =K30+L30 | N30: 시장가 추정 | O30: 2026-04 | P30: operator | Y30: =LEFT(I30,FIND(",",I30&",")-1) | Z30: =C30&"|"&Y30 | AA30: =E30&"|"&Y30
A31: MAT-MD-006 | B31: active | C31: molding | D31: 몰딩 | E31: 우드 | F31: 영림 | G31: 우드몰딩 | H31: 영림 우드 평몰딩 | I31: 고급, 주력 | J31: per_m | K31: 14000 | L31: 8500 | M31: =K31+L31 | N31: 시장가 추정 | O31: 2026-04 | P31: operator | Y31: =LEFT(I31,FIND(",",I31&",")-1) | Z31: =C31&"|"&Y31 | AA31: =E31&"|"&Y31
A32: MAT-MD-007 | B32: active | C32: molding | D32: 몰딩 | E32: 마이너스 | F32: 히든몰딩 | G32: 마이너스 | H32: 히든몰딩 마이너스 | I32: 고급 | J32: per_m | K32: 18500 | L32: 12000 | M32: =K32+L32 | N32: 시장가 추정 | O32: 2026-04 | P32: operator | Y32: =LEFT(I32,FIND(",",I32&",")-1) | Z32: =C32&"|"&Y32 | AA32: =E32&"|"&Y32
A33: MAT-MD-008 | B33: active | C33: molding | D33: 몰딩 | E33: 무몰딩 | F33: 현장시공 | G33: 무몰딩 | H33: 몰딩 미시공 (목공·도배 추가비는 별도 라인으로 산정) | I33: 고급 | J33: per_m | K33: 0 | L33: 0 | M33: =K33+L33 | N33: 시장가 추정 | O33: 2026-04 | P33: operator | Y33: =LEFT(I33,FIND(",",I33&",")-1) | Z33: =C33&"|"&Y33 | AA33: =E33&"|"&Y33
A34: MAT-MX-001 | B34: active | C34: molding_carpentry | D34: 목공사 | E34: 무몰딩 | F34: 현장시공 | G34: 무몰딩목공 | H34: 무몰딩 토글 ON 시 목공사 추가비 (공급면적 ㎡당) | I34: 가성비, 주력 | J34: per_m2 | K34: 0 | L34: 10000 | M34: =K34+L34 | N34: 시장가 추정 | O34: 2026-04 | P34: operator | Y34: =LEFT(I34,FIND(",",I34&",")-1) | Z34: =C34&"|"&Y34 | AA34: =E34&"|"&Y34
A35: MAT-MX-002 | B35: active | C35: molding_carpentry | D35: 목공사 | E35: 무몰딩 | F35: 현장시공 | G35: 무몰딩목공 | H35: 무몰딩 토글 ON 시 목공사 추가비 (공급면적 ㎡당) | I35: 표준, 주력 | J35: per_m2 | K35: 0 | L35: 10000 | M35: =K35+L35 | N35: 시장가 추정 | O35: 2026-04 | P35: operator | Y35: =LEFT(I35,FIND(",",I35&",")-1) | Z35: =C35&"|"&Y35 | AA35: =E35&"|"&Y35
A36: MAT-MX-003 | B36: active | C36: molding_carpentry | D36: 목공사 | E36: 무몰딩 | F36: 현장시공 | G36: 무몰딩목공 | H36: 무몰딩 토글 ON 시 목공사 추가비 (공급면적 ㎡당) | I36: 고급, 주력 | J36: per_m2 | K36: 0 | L36: 10000 | M36: =K36+L36 | N36: 시장가 추정 | O36: 2026-04 | P36: operator | Y36: =LEFT(I36,FIND(",",I36&",")-1) | Z36: =C36&"|"&Y36 | AA36: =E36&"|"&Y36
A37: MAT-MY-001 | B37: active | C37: molding_wallpaper | D37: 몰딩 | E37: 무몰딩 | F37: 현장시공 | G37: 무몰딩도배 | H37: 무몰딩 토글 ON 시 도배 인건비 추가 (공급면적 ㎡당) | I37: 가성비, 주력 | J37: per_m2 | K37: 0 | L37: 5000 | M37: =K37+L37 | N37: 시장가 추정 | O37: 2026-04 | P37: operator | Y37: =LEFT(I37,FIND(",",I37&",")-1) | Z37: =C37&"|"&Y37 | AA37: =E37&"|"&Y37
A38: MAT-MY-002 | B38: active | C38: molding_wallpaper | D38: 몰딩 | E38: 무몰딩 | F38: 현장시공 | G38: 무몰딩도배 | H38: 무몰딩 토글 ON 시 도배 인건비 추가 (공급면적 ㎡당) | I38: 표준, 주력 | J38: per_m2 | K38: 0 | L38: 5000 | M38: =K38+L38 | N38: 시장가 추정 | O38: 2026-04 | P38: operator | Y38: =LEFT(I38,FIND(",",I38&",")-1) | Z38: =C38&"|"&Y38 | AA38: =E38&"|"&Y38
... A55: MAT-BT-001 | B55: active | C55: bath_tile | D55: 타일 | E55: 300×600각 | F55: 포스코타일 | G55: 300x600 | H55: 300×600각 욕실 타일 (자재만, 인건비는 통합 타일팀) | I55: 가성비, 주력 | J55: per_m2 | K55: 12000 | L55: 0 | M55: =K55+L55 | N55: 시장가 추정 | O55: 2026-04 | P55: operator | Y55: =LEFT(I55,FIND(",",I55&",")-1) | Z55: =C55&"|"&Y55 | AA55: =E55&"|"&Y55
A56: MAT-BT-002 | B56: active | C56: bath_tile | D56: 타일 | E56: 600각 | F56: 포세린 | G56: 600 | H56: 600×600각 포세린 타일 (자재만, 인건비는 통합 타일팀) | I56: 표준, 주력 | J56: per_m2 | K56: 30000 | L56: 0 | M56: =K56+L56 | N56: 시장 시세 검증 (2026-05) | O56: 2026-05 | P56: operator | X56: 오늘의집·셀인카페 (포세린 600각) | Y56: =LEFT(I56,FIND(",",I56&",")-1) | Z56: =C56&"|"&Y56 | AA56: =E56&"|"&Y56
A57: MAT-BT-003 | B57: active | C57: bath_tile | D57: 타일 | E57: 900각 | F57: 포세린 | G57: 900 | H57: 900×900각 포세린 대형 타일 (자재만, 인건비는 통합 타일팀) | I57: 고급, 주력 | J57: per_m2 | K57: 42000 | L57: 0 | M57: =K57+L57 | N57: 시장 시세 검증 (2026-05) | O57: 2026-05 | P57: operator | X57: 오늘의집·셀인카페 (포세린 900각) | Y57: =LEFT(I57,FIND(",",I57&",")-1) | Z57: =C57&"|"&Y57 | AA57: =E57&"|"&Y57
A58: MAT-BZ-001 | B58: active | C58: bath_tile_method | D58: 타일 | E58: 코너비드 | F58: 현장시공 | G58: 코너비드 | H58: 코너비드 마감 (둘레 m, 인건비는 통합 타일팀에 포함) | I58: 가성비, 주력 | J58: per_m | K58: 0 | L58: 0 | M58: =K58+L58 | N58: 시장가 추정 | O58: 2026-04 | P58: operator | Y58: =LEFT(I58,FIND(",",I58&",")-1) | Z58: =C58&"|"&Y58 | AA58: =E58&"|"&Y58
A59: MAT-BZ-002 | B59: active | C59: bath_tile_method | D59: 타일 | E59: 졸리컷 | F59: 현장시공 | G59: 졸리컷 | H59: 졸리컷 정밀 마감 (둘레 m, 인건비는 통합 타일팀에 포함) | I59: 표준, 주력 | J59: per_m | K59: 0 | L59: 0 | M59: =K59+L59 | N59: 시장가 추정 | O59: 2026-04 | P59: operator | Y59: =LEFT(I59,FIND(",",I59&",")-1) | Z59: =C59&"|"&Y59 | AA59: =E59&"|"&Y59
A60: MAT-BZ-003 | B60: active | C60: bath_tile_method | D60: 타일 | E60: 졸리컷+ | F60: 현장시공 | G60: 졸리컷광택 | H60: 졸리컷+광택 마감 (둘레 m, 인건비는 통합 타일팀에 포함) | I60: 고급, 주력 | J60: per_m | K60: 0 | L60: 0 | M60: =K60+L60 | N60: 시장가 추정 | O60: 2026-04 | P60: operator | Y60: =LEFT(I60,FIND(",",I60&",")-1) | Z60: =C60&"|"&Y60 | AA60: =E60&"|"&Y60
A61: MAT-BU-001 | B61: active | C61: bath_grout | D61: 타일 | E61: 백시멘트 | F61: 현장시공 | G61: 백시멘트 | H61: 일반 백시멘트 줄눈 자재 (시공은 타일팀) | I61: 가성비, 주력 | J61: per_m2 | K61: 1500 | L61: 0 | M61: =K61+L61 | N61: 시장가 추정 | O61: 2026-04 | P61: operator | Y61: =LEFT(I61,FIND(",",I61&",")-1) | Z61: =C61&"|"&Y61 | AA61: =E61&"|"&Y61
A62: MAT-BU-002 | B62: active | C62: bath_grout | D62: 타일 | E62: 아덱스FG4 | F62: 아덱스 | G62: FG4 | H62: 아덱스 FG4 시멘트계 줄눈 자재 (시공은 타일팀) | I62: 표준, 주력 | J62: per_m2 | K62: 4000 | L62: 0 | M62: =K62+L62 | N62: 시장가 추정 | O62: 2026-04 | P62: operator | Y62: =LEFT(I62,FIND(",",I62&",")-1) | Z62: =C62&"|"&Y62 | AA62: =E62&"|"&Y62
A63: MAT-BU-003 | B63: active | C63: bath_grout | D63: 타일 | E63: 케라폭시 | F63: MAPEI | G63: Kerapoxy | H63: MAPEI Kerapoxy 에폭시 줄눈 자재 (시공은 타일팀) | I63: 고급, 주력 | J63: per_m2 | K63: 30000 | L63: 0 | M63: =K63+L63 | N63: 시장가 추정 | O63: 2026-04 | P63: operator | Y63: =LEFT(I63,FIND(",",I63&",")-1) | Z63: =C63&"|"&Y63 | AA63: =E63&"|"&Y63
A64: MAT-BP-001 | B64: active | C64: bath_brick | D64: 조적/방수 | E64: 조적 | F64: 현장시공 | G64: 조적 | H64: 벽돌 조적 + 페인트 마감 | I64: 가성비, 주력 | J64: per_ea | K64: 350000 | L64: 250000 | M64: =K64+L64 | N64: 시장가 추정 | O64: 2026-04 | P64: operator | Y64: =LEFT(I64,FIND(",",I64&",")-1) | Z64: =C64&"|"&Y64 | AA64: =E64&"|"&Y64
A65: MAT-BP-002 | B65: active | C65: bath_partition | D65: 유리 | E65: 유리슬라이딩 | F65: 유리시공 | G65: 슬라이딩 | H65: 유리 슬라이딩 도어 파티션 | I65: 표준, 주력 | J65: per_ea | K65: 750000 | L65: 320000 | M65: =K65+L65 | N65: 시장가 추정 | O65: 2026-04 | P65: operator | Y65: =LEFT(I65,FIND(",",I65&",")-1) | Z65: =C65&"|"&Y65 | AA65: =E65&"|"&Y65
A66: MAT-BP-003 | B66: active | C66: bath_partition | D66: 유리 | E66: 유리무프레임 | F66: 유리시공 | G66: 무프레임 | H66: 워크인 유리 무프레임 파티션 | I66: 고급, 주력 | J66: per_ea | K66: 1250000 | L66: 450000 | M66: =K66+L66 | N66: 시장가 추정 | O66: 2026-04 | P66: operator | Y66: =LEFT(I66,FIND(",",I66&",")-1) | Z66: =C66&"|"&Y66 | AA66: =E66&"|"&Y66
A67: MAT-BG-001 | B67: active | C67: bath_ceiling | D67: 욕실 | E67: SMC | F67: 사제 | G67: SMC | H67: SMC 욕실 천정 마감 + 단열·방수 (자재만) | I67: 가성비, 주력 | J67: per_m2 | K67: 50000 | L67: 0 | M67: =K67+L67 | N67: 시장가 추정 | O67: 2026-04 | P67: operator | Y67: =LEFT(I67,FIND(",",I67&",")-1) | Z67: =C67&"|"&Y67 | AA67: =E67&"|"&Y67
A68: MAT-BG-002 | B68: active | C68: bath_ceiling | D68: 욕실 | E68: 이노솔 | F68: 사제 | G68: 이노솔 | H68: 이노솔 욕실 천정 마감 + 단열·방수 (자재만) | I68: 표준, 주력 | J68: per_m2 | K68: 75000 | L68: 0 | M68: =K68+L68 | N68: 시장가 추정 | O68: 2026-04 | P68: operator | Y68: =LEFT(I68,FIND(",",I68&",")-1) | Z68: =C68&"|"&Y68 | AA68: =E68&"|"&Y68
A69: MAT-BG-003 | B69: active | C69: bath_ceiling | D69: 욕실 | E69: 석고도장 | F69: 현장시공 | G69: 석고도장 | H69: 석고보드위 도장 + 단열·방수 보강 (자재만) | I69: 고급, 주력 | J69: per_m2 | K69: 110000 | L69: 0 | M69: =K69+L69 | N69: 시장가 추정 | O69: 2026-04 | P69: operator | Y69: =LEFT(I69,FIND(",",I69&",")-1) | Z69: =C69&"|"&Y69 | AA69: =E69&"|"&Y69
... A112: MAT-GF-003 | B112: active | C112: general_furniture | D112: 일반가구 | E112: 현관장 | F112: 한샘 | G112: 일반현관장 | H112: 한샘 일반 현관장 | I112: 표준 | J112: per_ea | K112: 850000 | L112: 220000 | M112: =K112+L112 | N112: 시장가 추정 | O112: 2026-04 | P112: operator | Y112: =LEFT(I112,FIND(",",I112&",")-1) | Z112: =C112&"|"&Y112 | AA112: =E112&"|"&Y112
A113: MAT-GF-004 | B113: active | C113: general_furniture | E113: 거실 | F113: 리바트 | G113: TV장 | H113: 리바트 거실 TV장 | I113: 표준 | J113: per_ea | K113: 1650000 | L113: 350000 | M113: =K113+L113 | N113: 시장가 추정 | O113: 2026-04 | P113: operator | Y113: =LEFT(I113,FIND(",",I113&",")-1) | Z113: =C113&"|"&Y113 | AA113: =E113&"|"&Y113
A114: MAT-GF-005 | B114: active | C114: general_furniture | D114: 일반가구 | E114: 현관장 | F114: 한샘 | G114: 시그니처현관 | H114: 한샘 시그니처 현관장 | I114: 고급, 주력 | J114: per_ea | K114: 2200000 | L114: 420000 | M114: =K114+L114 | N114: 시장가 추정 | O114: 2026-04 | P114: operator | Y114: =LEFT(I114,FIND(",",I114&",")-1) | Z114: =C114&"|"&Y114 | AA114: =E114&"|"&Y114
A115: MAT-GF-006 | B115: active | C115: general_furniture | E115: 거실 | F115: 한샘 | G115: 거실풀세트 | H115: 한샘 거실 TV장+장식장 풀세트 | I115: 고급 | J115: per_ea | K115: 3500000 | L115: 580000 | M115: =K115+L115 | N115: 시장가 추정 | O115: 2026-04 | P115: operator | Y115: =LEFT(I115,FIND(",",I115&",")-1) | Z115: =C115&"|"&Y115 | AA115: =E115&"|"&Y115
A116: MAT-LD-001 | B116: active | C116: lighting_downlight | D116: 전기 | E116: 2인치 | F116: 비브랜드 | G116: 2인치일반 | H116: 일반 2인치 LED 다운라이트 (가성비) | I116: 가성비, 주력 | J116: per_ea | K116: 5000 | L116: 3000 | M116: =K116+L116 | N116: 시장가 추정 | O116: 2026-04 | P116: operator | Y116: =LEFT(I116,FIND(",",I116&",")-1) | Z116: =C116&"|"&Y116 | AA116: =E116&"|"&Y116
A117: MAT-LD-002 | B117: active | C117: lighting_downlight | D117: 전기 | E117: 2인치 | F117: 필립스 | G117: 2인치표준 | H117: 표준 2인치 LED 다운라이트 (필립스급) | I117: 표준, 주력 | J117: per_ea | K117: 8000 | L117: 4000 | M117: =K117+L117 | N117: 시장가 추정 | O117: 2026-04 | P117: operator | Y117: =LEFT(I117,FIND(",",I117&",")-1) | Z117: =C117&"|"&Y117 | AA117: =E117&"|"&Y117
A118: MAT-LD-003 | B118: active | C118: lighting_downlight | D118: 전기 | E118: 2인치 | F118: 오스람 | G118: 2인치디자인 | H118: 디자인 2인치 LED 다운라이트 (오스람·디자인급) | I118: 고급, 주력 | J118: per_ea | K118: 13000 | L118: 5000 | M118: =K118+L118 | N118: 시장가 추정 | O118: 2026-04 | P118: operator | Y118: =LEFT(I118,FIND(",",I118&",")-1) | Z118: =C118&"|"&Y118 | AA118: =E118&"|"&Y118
A119: MAT-LV-001 | B119: active | C119: lighting_indirect_living | D119: 전기 | E119: 간접 | F119: 현장시공 | G119: 거실간접_가성비 | H119: 가성비 등급에서는 미적용 | I119: 가성비, 주력 | J119: per_set | K119: 0 | L119: 0 | M119: =K119+L119 | N119: 시장가 추정 | O119: 2026-04 | P119: operator | Y119: =LEFT(I119,FIND(",",I119&",")-1) | Z119: =C119&"|"&Y119 | AA119: =E119&"|"&Y119
A120: MAT-LV-002 | B120: active | C120: lighting_indirect_living | D120: 전기 | E120: 간접 | F120: 현장시공 | G120: 거실간접 | H120: 거실 천정·코니스 LED 간접조명 (자재+인건비) | I120: 표준, 주력 | J120: per_set | K120: 300000 | L120: 200000 | M120: =K120+L120 | N120: 시장가 추정 | O120: 2026-04 | P120: operator | Y120: =LEFT(I120,FIND(",",I120&",")-1) | Z120: =C120&"|"&Y120 | AA120: =E120&"|"&Y120
A121: MAT-LV-003 | B121: active | C121: lighting_indirect_living | D121: 전기 | E121: 간접 | F121: 현장시공 | G121: 거실간접고급 | H121: 거실 천정·코니스 LED 간접조명 (자재+인건비) | I121: 고급, 주력 | J121: per_set | K121: 300000 | L121: 200000 | M121: =K121+L121 | N121: 시장가 추정 | O121: 2026-04 | P121: operator | Y121: =LEFT(I121,FIND(",",I121&",")-1) | Z121: =C121&"|"&Y121 | AA121: =E121&"|"&Y121
A122: MAT-LH-001 | B122: active | C122: lighting_indirect_bath | D122: 전기 | E122: 간접 | F122: 현장시공 | G122: 욕실간접_가성비 | H122: 가성비 등급에서는 미적용 | I122: 가성비, 주력 | J122: per_ea | K122: 0 | L122: 0 | M122: =K122+L122 | N122: 시장가 추정 | O122: 2026-04 | P122: operator | Y122: =LEFT(I122,FIND(",",I122&",")-1) | Z122: =C122&"|"&Y122 | AA122: =E122&"|"&Y122
A123: MAT-LH-002 | B123: active | C123: lighting_indirect_bath | D123: 전기 | E123: 간접 | F123: 현장시공 | G123: 욕실간접 | H123: 욕실당 LED 간접조명 (자재+인건비) | I123: 표준, 주력 | J123: per_ea | K123: 90000 | L123: 60000 | M123: =K123+L123 | N123: 시장가 추정 | O123: 2026-04 | P123: operator | Y123: =LEFT(I123,FIND(",",I123&",")-1) | Z123: =C123&"|"&Y123 | AA123: =E123&"|"&Y123
A124: MAT-LH-003 | B124: active | C124: lighting_indirect_bath | D124: 전기 | E124: 간접 | F124: 현장시공 | G124: 욕실간접고급 | H124: 욕실당 LED 간접조명 (자재+인건비) | I124: 고급, 주력 | J124: per_ea | K124: 90000 | L124: 60000 | M124: =K124+L124 | N124: 시장가 추정 | O124: 2026-04 | P124: operator | Y124: =LEFT(I124,FIND(",",I124&",")-1) | Z124: =C124&"|"&Y124 | AA124: =E124&"|"&Y124
A125: MAT-LE-001 | B125: active | C125: lighting_magnetic_living | D125: 전기 | E125: 마그네틱 | F125: 현장시공 | G125: 거실마그네틱_가성비 | H125: 가성비/표준에서는 미적용 | I125: 가성비, 주력 | J125: per_set | K125: 0 | L125: 0 | M125: =K125+L125 | N125: 시장가 추정 | O125: 2026-04 | P125: operator | Y125: =LEFT(I125,FIND(",",I125&",")-1) | Z125: =C125&"|"&Y125 | AA125: =E125&"|"&Y125
A126: MAT-LE-002 | B126: active | C126: lighting_magnetic_living | D126: 전기 | E126: 마그네틱 | F126: 현장시공 | G126: 거실마그네틱_표준 | H126: 가성비/표준에서는 미적용 | I126: 표준, 주력 | J126: per_set | K126: 0 | L126: 0 | M126: =K126+L126 | N126: 시장가 추정 | O126: 2026-04 | P126: operator | Y126: =LEFT(I126,FIND(",",I126&",")-1) | Z126: =C126&"|"&Y126 | AA126: =E126&"|"&Y126
A127: MAT-LE-003 | B127: active | C127: lighting_magnetic_living | D127: 전기 | E127: 마그네틱 | F127: 현장시공 | G127: 거실마그네틱 | H127: 거실 마그네틱 라인조명 (자재+인건비+목공비) | I127: 고급, 주력 | J127: per_set | K127: 600000 | L127: 400000 | M127: =K127+L127 | N127: 시장가 추정 | O127: 2026-04 | P127: operator | Y127: =LEFT(I127,FIND(",",I127&",")-1) | Z127: =C127&"|"&Y127 | AA127: =E127&"|"&Y127
... A134: MAT-WD-004 | B134: active | C134: window | D134: 창호 | E134: 알루미늄 | F134: 이건창호 | G134: EAGON | H134: 이건창호 EAGON 시스템 (단열재 70T + 외벽 단열 보강 + 사다리차·부대비 포함) | I134: 고급, 주력 | J134: per_m2 | K134: 270000 | L134: 100000 | M134: =K134+L134 | N134: 시장가 추정 | O134: 2026-04 | P134: operator | Y134: =LEFT(I134,FIND(",",I134&",")-1) | Z134: =C134&"|"&Y134 | AA134: =E134&"|"&Y134
A135: MAT-AC-001 | B135: active | C135: aircon | D135: 에어컨 | E135: 벽걸이 | F135: LG | G135: 휘센6평 | H135: LG 휘센 벽걸이 6평형 | I135: 가성비, 주력 | J135: per_ea | K135: 850000 | L135: 280000 | M135: =K135+L135 | N135: 시장 시세 검증 (2026-05) | O135: 2026-05 | P135: operator | X135: LG/삼성+SNS (벽걸이 25~30만) | Y135: =LEFT(I135,FIND(",",I135&",")-1) | Z135: =C135&"|"&Y135 | AA135: =E135&"|"&Y135
A136: MAT-AC-002 | B136: active | C136: aircon | D136: 에어컨 | E136: 천장형 | F136: 삼성 | G136: 무풍1Way | H136: 삼성 무풍 1Way | I136: 표준, 주력 | J136: per_ea | K136: 1650000 | L136: 550000 | M136: =K136+L136 | N136: 시장 시세 검증 (2026-05) | O136: 2026-05 | P136: operator | X136: 뉴비스·LG (1way 30+매립/드레인) | Y136: =LEFT(I136,FIND(",",I136&",")-1) | Z136: =C136&"|"&Y136 | AA136: =E136&"|"&Y136
A137: MAT-AC-003 | B137: active | C137: aircon | D137: 에어컨 | E137: 천장형 | F137: LG | G137: 휘센4Way | H137: LG 휘센 천장형 4Way | I137: 고급, 주력 | J137: per_ea | K137: 2200000 | L137: 700000 | M137: =K137+L137 | N137: 시장 시세 검증 (2026-05) | O137: 2026-05 | P137: operator | X137: 뉴비스·LG (4way 45+매립/드레인) | Y137: =LEFT(I137,FIND(",",I137&",")-1) | Z137: =C137&"|"&Y137 | AA137: =E137&"|"&Y137
A138: MAT-AO-001 | B138: active | C138: aircon_outdoor | D138: 에어컨 | E138: 보급 | F138: LG | G138: 보급멀티 | H138: LG 보급형 멀티 실외기 4룸 대응 | I138: 가성비, 주력 | J138: per_ea | K138: 1200000 | L138: 250000 | M138: =K138+L138 | N138: 시장가 추정 | O138: 2026-04 | P138: operator | Y138: =LEFT(I138,FIND(",",I138&",")-1) | Z138: =C138&"|"&Y138 | AA138: =E138&"|"&Y138
A139: MAT-AO-002 | B139: active | C139: aircon_outdoor | D139: 에어컨 | E139: 표준 | F139: LG | G139: 휘센멀티 | H139: LG 휘센 멀티 실외기 5룸 대응 | I139: 표준, 주력 | J139: per_ea | K139: 1800000 | L139: 320000 | M139: =K139+L139 | N139: 시장가 추정 | O139: 2026-04 | P139: operator | Y139: =LEFT(I139,FIND(",",I139&",")-1) | Z139: =C139&"|"&Y139 | AA139: =E139&"|"&Y139
A140: MAT-AO-003 | B140: active | C140: aircon_outdoor | D140: 에어컨 | E140: 고급 | F140: 삼성 | G140: 인버터멀티 | H140: 삼성 인버터 멀티 실외기 6룸 대응 | I140: 고급, 주력 | J140: per_ea | K140: 2500000 | L140: 380000 | M140: =K140+L140 | N140: 시장가 추정 | O140: 2026-04 | P140: operator | Y140: =LEFT(I140,FIND(",",I140&",")-1) | Z140: =C140&"|"&Y140 | AA140: =E140&"|"&Y140
A141: MAT-CL-001 | B141: active | C141: closet | D141: 일반가구 | E141: 사제 | F141: 사제 | G141: 사제LPM | H141: 사제 슬라이딩 LPM 도어 | I141: 가성비, 주력 | J141: per_m | K141: 480000 | L141: 180000 | M141: =K141+L141 | N141: 시장가 추정 | O141: 2026-04 | P141: operator | Y141: =LEFT(I141,FIND(",",I141&",")-1) | Z141: =C141&"|"&Y141 | AA141: =E141&"|"&Y141
A142: MAT-CL-002 | B142: active | C142: closet | D142: 일반가구 | E142: 한샘 | F142: 한샘 | G142: 슬라이딩LPM | H142: 한샘 슬라이딩 LPM (2.4m) | I142: 표준, 주력 | J142: per_m | K142: 720000 | L142: 220000 | M142: =K142+L142 | N142: 시장가 추정 | O142: 2026-04 | P142: operator | Y142: =LEFT(I142,FIND(",",I142&",")-1) | Z142: =C142&"|"&Y142 | AA142: =E142&"|"&Y142
A143: MAT-CL-003 | B143: active | C143: closet | D143: 일반가구 | E143: 리바트 | F143: 리바트 | G143: 시스템PET | H143: 리바트 시스템 옷장 PET | I143: 표준 | J143: per_m | K143: 950000 | L143: 280000 | M143: =K143+L143 | N143: 시장가 추정 | O143: 2026-04 | P143: operator | Y143: =LEFT(I143,FIND(",",I143&",")-1) | Z143: =C143&"|"&Y143 | AA143: =E143&"|"&Y143
A144: MAT-CL-004 | B144: active | C144: closet | D144: 일반가구 | E144: 한샘 | F144: 한샘 | G144: 시그니처우레탄 | H144: 한샘 시그니처 우레탄 도장 | I144: 고급, 주력 | J144: per_m | K144: 1450000 | L144: 380000 | M144: =K144+L144 | N144: 시장가 추정 | O144: 2026-04 | P144: operator | Y144: =LEFT(I144,FIND(",",I144&",")-1) | Z144: =C144&"|"&Y144 | AA144: =E144&"|"&Y144
A145: MAT-CF-001 | B145: active | C145: ceiling_fan | D145: 실링팬 | E145: 일반 | F145: 비브랜드 | G145: 일반실링 | H145: sove ver2 132cm | I145: 가성비, 주력 | J145: per_ea | K145: 150000 | L145: 150000 | M145: =K145+L145 | N145: 시장가 추정 | O145: 2026-04 | P145: operator | Y145: =LEFT(I145,FIND(",",I145&",")-1) | Z145: =C145&"|"&Y145 | AA145: =E145&"|"&Y145
A146: MAT-CF-002 | B146: active | C146: ceiling_fan | D146: 실링팬 | E146: 브랜드 | F146: 수입 일반 | G146: 루씨에어 | H146: 레이더3 132cm | I146: 표준, 주력 | J146: per_ea | K146: 580000 | L146: 150000 | M146: =K146+L146 | N146: 시장가 추정 | O146: 2026-04 | P146: operator | Y146: =LEFT(I146,FIND(",",I146&",")-1) | Z146: =C146&"|"&Y146 | AA146: =E146&"|"&Y146
A147: MAT-CF-003 | B147: active | C147: ceiling_fan | D147: 실링팬 | E147: 디자인 | F147: 수입 고급 | G147: 에어라트론 | H147: AE3 126cm | I147: 고급, 주력 | J147: per_ea | K147: 950000 | L147: 180000 | M147: =K147+L147 | N147: 시장가 추정 | O147: 2026-04 | P147: operator | Y147: =LEFT(I147,FIND(",",I147&",")-1) | Z147: =C147&"|"&Y147 | AA147: =E147&"|"&Y147
A148: MAT-CB-001 | B148: active | C148: carpentry_base | D148: 목공사 | E148: 기본 | F148: 현장시공 | G148: 기본세팅 | H148: 목공사 발생 시 기본 출장·세팅 (목수팀 1회) | I148: 가성비, 주력 | J148: per_set | K148: 0 | L148: 1000000 | M148: =K148+L148 | N148: 시장가 추정 | O148: 2026-04 | P148: operator | Y148: =LEFT(I148,FIND(",",I148&",")-1) | Z148: =C148&"|"&Y148 | AA148: =E148&"|"&Y148
A149: MAT-CB-002 | B149: active | C149: carpentry_base | D149: 목공사 | E149: 기본 | F149: 현장시공 | G149: 기본세팅 | H149: 목공사 발생 시 기본 출장·세팅 (목수팀 1회) | I149: 표준, 주력 | J149: per_set | K149: 0 | L149: 1000000 | M149: =K149+L149 | N149: 시장가 추정 | O149: 2026-04 | P149: operator | Y149: =LEFT(I149,FIND(",",I149&",")-1) | Z149: =C149&"|"&Y149 | AA149: =E149&"|"&Y149
... A168: MAT-IN-003 | B168: active | C168: induction_line | D168: 전기 | E168: 기본 | F168: 현장시공 | G168: 인덕션전용선 | H168: 인덕션 220V 전용선 신설 (분전반→주방, 자재+인건비) | I168: 고급, 주력 | J168: per_ea | K168: 200000 | L168: 300000 | M168: =K168+L168 | N168: 시장가 추정 | O168: 2026-04 | P168: operator | Y168: =LEFT(I168,FIND(",",I168&",")-1) | Z168: =C168&"|"&Y168 | AA168: =E168&"|"&Y168
A169: MAT-EX-001 | B169: active | C169: expansion | D169: 확장 | E169: 기본 | F169: 현장시공 | G169: 기본확장 | H169: 확장부 철거+단열재 30T+배관 연장+미장(평탄화) — 샷시는 별도 공종에서 자동 산정 (m²당) | I169: 가성비, 주력 | J169: per_m2 | K169: 70000 | L169: 50000 | M169: =K169+L169 | N169: 시장 시세 검증 (2026-05) — 샷시 분리 후 | O169: 2026-05 | P169: operator | X169: 샷시 별도 분리 (정책브리핑 골조마감 ㎡당 10.6만+단열재) | Y169: =LEFT(I169,FIND(",",I169&",")-1) | Z169: =C169&"|"&Y169 | AA169: =E169&"|"&Y169
A170: MAT-EX-002 | B170: active | C170: expansion | D170: 확장 | E170: 표준 | F170: 현장시공 | G170: 표준확장 | H170: 확장부 철거+단열 50T+배관 연장+미장 정밀 — 샷시는 별도 공종에서 자동 산정 (m²당) | I170: 표준, 주력 | J170: per_m2 | K170: 90000 | L170: 70000 | M170: =K170+L170 | N170: 시장 시세 검증 (2026-05) — 샷시 분리 후 | O170: 2026-05 | P170: operator | X170: 샷시 별도 분리 (정책브리핑 골조마감 ㎡당 10.6만+단열재) | Y170: =LEFT(I170,FIND(",",I170&",")-1) | Z170: =C170&"|"&Y170 | AA170: =E170&"|"&Y170
A171: MAT-EX-003 | B171: active | C171: expansion | D171: 확장 | E171: 고급 | F171: 현장시공 | G171: 고급확장 | H171: 확장부 철거+이중 단열(70T+우레탄)+배관 연장+평탄화 정밀 — 샷시 별도 (m²당) | I171: 고급, 주력 | J171: per_m2 | K171: 120000 | L171: 100000 | M171: =K171+L171 | N171: 시장 시세 검증 (2026-05) — 샷시 분리 후 | O171: 2026-05 | P171: operator | X171: 샷시 별도 분리 (정책브리핑 골조마감 ㎡당 10.6만+단열재) | Y171: =LEFT(I171,FIND(",",I171&",")-1) | Z171: =C171&"|"&Y171 | AA171: =E171&"|"&Y171
A172: MAT-DM-001 | B172: active | C172: base_work | D172: 철거 | E172: 철거 | F172: 현장시공 | G172: 철거 | H172: 철거 표준 시공 | I172: 가성비, 주력 | J172: per_m2 | K172: 6500 | L172: 0 | M172: =K172+L172 | N172: 시장가 추정 | O172: 2026-04 | P172: 운영자 | Y172: =LEFT(I172,FIND(",",I172&",")-1) | Z172: =C172&"|"&Y172 | AA172: =E172&"|"&Y172
A173: MAT-DM-002 | B173: active | C173: base_work | D173: 철거 | E173: 철거 | F173: 현장시공 | G173: 철거 | H173: 철거 표준 시공+분리 | I173: 표준, 주력 | J173: per_m2 | K173: 8000 | L173: 0 | M173: =K173+L173 | N173: 시장가 추정 | O173: 2026-04 | P173: 운영자 | Y173: =LEFT(I173,FIND(",",I173&",")-1) | Z173: =C173&"|"&Y173 | AA173: =E173&"|"&Y173
A174: MAT-DM-003 | B174: active | C174: base_work | D174: 철거 | E174: 철거 | F174: 현장시공 | G174: 철거 | H174: 철거 정밀 분리수거 | I174: 고급, 주력 | J174: per_m2 | K174: 10000 | L174: 0 | M174: =K174+L174 | N174: 시장가 추정 | O174: 2026-04 | P174: 운영자 | Y174: =LEFT(I174,FIND(",",I174&",")-1) | Z174: =C174&"|"&Y174 | AA174: =E174&"|"&Y174
A175: MAT-IS-001 | B175: active | C175: insulation | D175: 단열 | E175: 30T 글라스울 | F175: 현장시공 | G175: 단열 | H175: 30T 단열재 기본 | I175: 가성비, 주력 | J175: per_m2 | K175: 9000 | L175: 6000 | M175: =K175+L175 | N175: 시장가 추정 | O175: 2026-04 | P175: 운영자 | Y175: =LEFT(I175,FIND(",",I175&",")-1) | Z175: =C175&"|"&Y175 | AA175: =E175&"|"&Y175
A176: MAT-IS-002 | B176: active | C176: insulation | D176: 단열 | E176: 50T 발포단열 | F176: 현장시공 | G176: 단열 | H176: 50T 발포 단열재 표준 시공 | I176: 표준, 주력 | J176: per_m2 | K176: 20000 | L176: 10000 | M176: =K176+L176 | N176: 시장가 추정 | O176: 2026-04 | P176: 운영자 | Y176: =LEFT(I176,FIND(",",I176&",")-1) | Z176: =C176&"|"&Y176 | AA176: =E176&"|"&Y176
A177: MAT-IS-003 | B177: active | C177: insulation | D177: 단열 | E177: 70T 경질우레탄 | F177: 현장시공 | G177: 단열 | H177: 경질우레탄 70T | I177: 고급, 주력 | J177: per_m2 | K177: 22000 | L177: 11000 | M177: =K177+L177 | N177: 시장가 추정 | O177: 2026-04 | P177: 운영자 | Y177: =LEFT(I177,FIND(",",I177&",")-1) | Z177: =C177&"|"&Y177 | AA177: =E177&"|"&Y177
A178: MAT-EP-001 | B178: active | C178: 기타 | D178: 확장 | E178: 구청 확장공사 신고 | F178: 현장시공 | G178: 신고대행 | H178: 도면 작성 + 구청 발코니 확장 신고 대행 (일식) | I178: 가성비, 주력 | J178: per_set | K178: 0 | L178: 1000000 | M178: =K178+L178 | N178: 시장 시세 (2026-05) — 신고대행 표준 | O178: 2026-05 | P178: operator | X178: 구청 확장공사 신고: 도면 작성 + 신고대행 일식 (시장 시세 80~120만) | Y178: =LEFT(I178,FIND(",",I178&",")-1) | Z178: =C178&"|"&Y178 | AA178: =E178&"|"&Y178
A179: MAT-EP-002 | B179: active | C179: 기타 | D179: 확장 | E179: 구청 확장공사 신고 | F179: 현장시공 | G179: 신고대행 | H179: 도면 작성 + 구청 발코니 확장 신고 대행 (일식) | I179: 표준, 주력 | J179: per_set | K179: 0 | L179: 1000000 | M179: =K179+L179 | N179: 시장 시세 (2026-05) — 신고대행 표준 | O179: 2026-05 | P179: operator | X179: 구청 확장공사 신고: 도면 작성 + 신고대행 일식 (시장 시세 80~120만) | Y179: =LEFT(I179,FIND(",",I179&",")-1) | Z179: =C179&"|"&Y179 | AA179: =E179&"|"&Y179
A180: MAT-EP-003 | B180: active | C180: 기타 | D180: 확장 | E180: 구청 확장공사 신고 | F180: 현장시공 | G180: 신고대행 | H180: 도면 작성 + 구청 발코니 확장 신고 대행 (일식) | I180: 고급, 주력 | J180: per_set | K180: 0 | L180: 1000000 | M180: =K180+L180 | N180: 시장 시세 (2026-05) — 신고대행 표준 | O180: 2026-05 | P180: operator | X180: 구청 확장공사 신고: 도면 작성 + 신고대행 일식 (시장 시세 80~120만) | Y180: =LEFT(I180,FIND(",",I180&",")-1) | Z180: =C180&"|"&Y180 | AA180: =E180&"|"&Y180
A181: MAT-EB-001 | B181: active | C181: electrical_base | D181: 전기 | E181: 기본공사 | F181: 현장시공 | G181: 전기기본 | H181: 전기 분전반 점검+기존 회로 정비+안전기본 (공급면적 ㎡당) | I181: 가성비, 주력 | J181: per_m2 | K181: 3000 | L181: 3042 | M181: =K181+L181 | N181: 시장 시세 (2026-05) | O181: 2026-05 | P181: operator | X181: 공급평당 2만원 = ㎡당 6,042원 | Y181: =LEFT(I181,FIND(",",I181&",")-1) | Z181: =C181&"|"&Y181 | AA181: =E181&"|"&Y181
A182: MAT-EB-002 | B182: active | C182: electrical_base | D182: 전기 | E182: 기본공사 | F182: 현장시공 | G182: 전기기본 | H182: 전기 분전반 점검+기존 회로 정비+안전기본 (공급면적 ㎡당) | I182: 표준, 주력 | J182: per_m2 | K182: 3000 | L182: 3042 | M182: =K182+L182 | N182: 시장 시세 (2026-05) | O182: 2026-05 | P182: operator | X182: 공급평당 2만원 | Y182: =LEFT(I182,FIND(",",I182&",")-1) | Z182: =C182&"|"&Y182 | AA182: =E182&"|"&Y182
...

Sheet 평형DB시나리오
A1: ▣ 평형DB 시나리오 — 자재마스터 연동 자동 산출 (24/34/44평 × 가성비/표준/고급)
A2: 평형(B4/E4/H4) 변경 시 수량 자동 갱신. 자재마스터 단가 변경 시 합계 자동 반영. 가정: 3베이.
A4: [평형 입력] | B4: 24 | E4: 34 | H4: 44 | K4: 평
A5: lower 평형대 | B5: =INT(B4/10)*10 | E5: =INT(E4/10)*10 | H5: =INT(H4/10)*10
A6: ratio | B6: =(B4-B5)/10 | E6: =(E4-E5)/10 | H6: =(H4-H5)/10
A7: lower col idx | B7: =B5/10 | E7: =E5/10 | H7: =H5/10
A8: 전용면적 (㎡) | B8: =B4*3.31*0.75 | E8: =E4*3.31*0.75 | H8: =H4*3.31*0.75
A9: 공급면적 (㎡) | B9: =B4*3.31 | E9: =E4*3.31 | H9: =H4*3.31
A10: 외부창 (㎡) | B10: =INDEX(표준면적!$B$11:$G$11,1,B7)+(INDEX(표준면적!$B$11:$G$11,1,B7+1)-INDEX(표준면적!$B$11:$G$11,1,B7))*B6 | E10: =INDEX(표준면적!$B$11:$G$11,1,E7)+(INDEX(표준면적!$B$11:$G$11,1,E7+1)-INDEX(표준면적!$B$11:$G$11,1,E7))*E6 | H10: =INDEX(표준면적!$B$11:$G$11,1,H7)+(INDEX(표준면적!$B$11:$G$11,1,H7+1)-INDEX(표준면적!$B$11:$G$11,1,H7))*H6
A11: 거실 면적 (㎡) | B11: =INDEX(표준면적!$B$3:$G$10,1,B7)+(INDEX(표준면적!$B$3:$G$10,1,B7+1)-INDEX(표준면적!$B$3:$G$10,1,B7))*B6 | E11: =INDEX(표준면적!$B$3:$G$10,1,E7)+(INDEX(표준면적!$B$3:$G$10,1,E7+1)-INDEX(표준면적!$B$3:$G$10,1,E7))*E6 | H11: =INDEX(표준면적!$B$3:$G$10,1,H7)+(INDEX(표준면적!$B$3:$G$10,1,H7+1)-INDEX(표준면적!$B$3:$G$10,1,H7))*H6
A12: 주방 면적 (㎡) | B12: =INDEX(표준면적!$B$3:$G$10,2,B7)+(INDEX(표준면적!$B$3:$G$10,2,B7+1)-INDEX(표준면적!$B$3:$G$10,2,B7))*B6 | E12: =INDEX(표준면적!$B$3:$G$10,2,E7)+(INDEX(표준면적!$B$3:$G$10,2,E7+1)-INDEX(표준면적!$B$3:$G$10,2,E7))*E6 | H12: =INDEX(표준면적!$B$3:$G$10,2,H7)+(INDEX(표준면적!$B$3:$G$10,2,H7+1)-INDEX(표준면적!$B$3:$G$10,2,H7))*H6
A13: 안방 면적 (㎡) | B13: =INDEX(표준면적!$B$3:$G$10,3,B7)+(INDEX(표준면적!$B$3:$G$10,3,B7+1)-INDEX(표준면적!$B$3:$G$10,3,B7))*B6 | E13: =INDEX(표준면적!$B$3:$G$10,3,E7)+(INDEX(표준면적!$B$3:$G$10,3,E7+1)-INDEX(표준면적!$B$3:$G$10,3,E7))*E6 | H13: =INDEX(표준면적!$B$3:$G$10,3,H7)+(INDEX(표준면적!$B$3:$G$10,3,H7+1)-INDEX(표준면적!$B$3:$G$10,3,H7))*H6
A14: 작방1 면적 (㎡) | B14: =INDEX(표준면적!$B$3:$G$10,4,B7)+(INDEX(표준면적!$B$3:$G$10,4,B7+1)-INDEX(표준면적!$B$3:$G$10,4,B7))*B6 | E14: =INDEX(표준면적!$B$3:$G$10,4,E7)+(INDEX(표준면적!$B$3:$G$10,4,E7+1)-INDEX(표준면적!$B$3:$G$10,4,E7))*E6 | H14: =INDEX(표준면적!$B$3:$G$10,4,H7)+(INDEX(표준면적!$B$3:$G$10,4,H7+1)-INDEX(표준면적!$B$3:$G$10,4,H7))*H6
A15: 작방2 면적 (㎡) | B15: =INDEX(표준면적!$B$3:$G$10,5,B7)+(INDEX(표준면적!$B$3:$G$10,5,B7+1)-INDEX(표준면적!$B$3:$G$10,5,B7))*B6 | E15: =INDEX(표준면적!$B$3:$G$10,5,E7)+(INDEX(표준면적!$B$3:$G$10,5,E7+1)-INDEX(표준면적!$B$3:$G$10,5,E7))*E6 | H15: =INDEX(표준면적!$B$3:$G$10,5,H7)+(INDEX(표준면적!$B$3:$G$10,5,H7+1)-INDEX(표준면적!$B$3:$G$10,5,H7))*H6
A16: 공용욕실 면적 (㎡) | B16: =INDEX(표준면적!$B$3:$G$10,6,B7)+(INDEX(표준면적!$B$3:$G$10,6,B7+1)-INDEX(표준면적!$B$3:$G$10,6,B7))*B6 | E16: =INDEX(표준면적!$B$3:$G$10,6,E7)+(INDEX(표준면적!$B$3:$G$10,6,E7+1)-INDEX(표준면적!$B$3:$G$10,6,E7))*E6 | H16: =INDEX(표준면적!$B$3:$G$10,6,H7)+(INDEX(표준면적!$B$3:$G$10,6,H7+1)-INDEX(표준면적!$B$3:$G$10,6,H7))*H6
A17: 부부욕실 면적 (㎡) | B17: =INDEX(표준면적!$B$3:$G$10,7,B7)+(INDEX(표준면적!$B$3:$G$10,7,B7+1)-INDEX(표준면적!$B$3:$G$10,7,B7))*B6 | E17: =INDEX(표준면적!$B$3:$G$10,7,E7)+(INDEX(표준면적!$B$3:$G$10,7,E7+1)-INDEX(표준면적!$B$3:$G$10,7,E7))*E6 | H17: =INDEX(표준면적!$B$3:$G$10,7,H7)+(INDEX(표준면적!$B$3:$G$10,7,H7+1)-INDEX(표준면적!$B$3:$G$10,7,H7))*H6
A18: 둘레 합 (몰딩, m) | B18: =SQRT(B11)*3.4+SQRT(B12)*3.4+SQRT(B13)*3.4+SQRT(B14)*3.4+SQRT(B15)*3.4 | E18: =SQRT(E11)*3.4+SQRT(E12)*3.4+SQRT(E13)*3.4+SQRT(E14)*3.4+SQRT(E15)*3.4 | H18: =SQRT(H11)*3.4+SQRT(H12)*3.4+SQRT(H13)*3.4+SQRT(H14)*3.4+SQRT(H15)*3.4
A19: 바닥 면적 합 (㎡) | B19: =B11+B12+B13+B14+B15 | E19: =E11+E12+E13+E14+E15 | H19: =H11+H12+H13+H14+H15
A20: 도배 면적 (㎡) | B20: =B19*2.8 | E20: =E19*2.8 | H20: =H19*2.8
A21: 욕실 면적 합 (㎡) | B21: =B16+B17 | E21: =E16+E17 | H21: =H16+H17
A22: 욕실 둘레 합 (m) | B22: =SQRT(B16)*3.4+SQRT(B17)*3.4 | E22: =SQRT(E16)*3.4+SQRT(E17)*3.4 | H22: =SQRT(H16)*3.4+SQRT(H17)*3.4
A23: 발코니 면적 (㎡) | B23: =INDEX(표준면적!$B$27:$G$27,1,B7)+(INDEX(표준면적!$B$27:$G$27,1,B7+1)-INDEX(표준면적!$B$27:$G$27,1,B7))*B6 | E23: =INDEX(표준면적!$B$27:$G$27,1,E7)+(INDEX(표준면적!$B$27:$G$27,1,E7+1)-INDEX(표준면적!$B$27:$G$27,1,E7))*E6 | H23: =INDEX(표준면적!$B$27:$G$27,1,H7)+(INDEX(표준면적!$B$27:$G$27,1,H7+1)-INDEX(표준면적!$B$27:$G$27,1,H7))*H6
A24: 발코니 도장 (㎡) | B24: =INDEX(표준면적!$B$29:$G$29,1,B7)+(INDEX(표준면적!$B$29:$G$29,1,B7+1)-INDEX(표준면적!$B$29:$G$29,1,B7))*B6 | E24: =INDEX(표준면적!$B$29:$G$29,1,E7)+(INDEX(표준면적!$B$29:$G$29,1,E7+1)-INDEX(표준면적!$B$29:$G$29,1,E7))*E6 | H24: =INDEX(표준면적!$B$29:$G$29,1,H7)+(INDEX(표준면적!$B$29:$G$29,1,H7+1)-INDEX(표준면적!$B$29:$G$29,1,H7))*H6
A25: 다용도실 (㎡) | B25: =INDEX(표준면적!$B$28:$G$28,1,B7)+(INDEX(표준면적!$B$28:$G$28,1,B7+1)-INDEX(표준면적!$B$28:$G$28,1,B7))*B6 | E25: =INDEX(표준면적!$B$28:$G$28,1,E7)+(INDEX(표준면적!$B$28:$G$28,1,E7+1)-INDEX(표준면적!$B$28:$G$28,1,E7))*E6 | H25: =INDEX(표준면적!$B$28:$G$28,1,H7)+(INDEX(표준면적!$B$28:$G$28,1,H7+1)-INDEX(표준면적!$B$28:$G$28,1,H7))*H6
A26: 다용도실 도장 (㎡) | B26: =INDEX(표준면적!$B$30:$G$30,1,B7)+(INDEX(표준면적!$B$30:$G$30,1,B7+1)-INDEX(표준면적!$B$30:$G$30,1,B7))*B6 | E26: =INDEX(표준면적!$B$30:$G$30,1,E7)+(INDEX(표준면적!$B$30:$G$30,1,E7+1)-INDEX(표준면적!$B$30:$G$30,1,E7))*E6 | H26: =INDEX(표준면적!$B$30:$G$30,1,H7)+(INDEX(표준면적!$B$30:$G$30,1,H7+1)-INDEX(표준면적!$B$30:$G$30,1,H7))*H6
A27: 확장 면적 (㎡) | B27: =(SQRT(B11)*1+SQRT(B14)*0.9+SQRT(B15)*0.85+SQRT(B12)*0.85)*1.5 | E27: =(SQRT(E11)*1+SQRT(E14)*0.9+SQRT(E15)*0.85+SQRT(E12)*0.85)*1.5 | H27: =(SQRT(H11)*1+SQRT(H14)*0.9+SQRT(H15)*0.85+SQRT(H12)*0.85)*1.5
A28: 발코니 합 (분배기준) | B28: =(SQRT(B11)*1+SQRT(B13)*1+SQRT(B14)*0.9+SQRT(B15)*0.85+SQRT(B12)*0.85)*1.5 | E28: =(SQRT(E11)*1+SQRT(E13)*1+SQRT(E14)*0.9+SQRT(E15)*0.85+SQRT(E12)*0.85)*1.5 | H28: =(SQRT(H11)*1+SQRT(H13)*1+SQRT(H14)*0.9+SQRT(H15)*0.85+SQRT(H12)*0.85)*1.5
A29: 외부창 확장부 비율 | B29: =B27/B28 | E29: =E27/E28 | H29: =H27/H28
A30: 스위치/콘센트 (ea) | B30: =IF(B4<15,18,IF(B4<25,24,IF(B4<35,34,IF(B4<45,42,IF(B4<55,50,56))))) | E30: =IF(E4<15,18,IF(E4<25,24,IF(E4<35,34,IF(E4<45,42,IF(E4<55,50,56))))) | H30: =IF(H4<15,18,IF(H4<25,24,IF(H4<35,34,IF(H4<45,42,IF(H4<55,50,56)))))
A31: 붙박이장 합 m | B31: =IF(B4>=40,2.4*3,IF(B4>=30,2.4+2*2,2+2*1.8)) | E31: =IF(E4>=40,2.4*3,IF(E4>=30,2.4+2*2,2+2*1.8)) | H31: =IF(H4>=40,2.4*3,IF(H4>=30,2.4+2*2,2+2*1.8))
A32: 타일팀 일수 | B32: =IF(B4<30,2,IF(B4<50,3,4))+1 | E32: =IF(E4<30,2,IF(E4<50,3,4))+1 | H32: =IF(H4<30,2,IF(H4<50,3,4))+1
A33: 다운라이트 (ea) | B33: =ROUND(B4/2.5,0) | E33: =ROUND(E4/2.5,0) | H33: =ROUND(H4/2.5,0)
A34: 난방온도조절기 (대) | B34: =IF(B4<20,2,IF(B4<30,3,IF(B4<40,4,5))) | E34: =IF(E4<20,2,IF(E4<30,3,IF(E4<40,4,5))) | H34: =IF(H4<20,2,IF(H4<30,3,IF(H4<40,4,5)))
C36: ── 24평 ── | G36: ── 34평 ── | K36: ── 44평 ──
A37: 공사 카테고리 | B37: 단위 | C37: 수량 | D37: 가성비(원) | E37: 표준(원) | F37: 고급(원) | G37: 수량 | H37: 가성비(원) | I37: 표준(원) | J37: 고급(원) | K37: 수량 | L37: 가성비(원) | M37: 표준(원) | N37: 고급(원)
A38: 철거공사 | B38: ㎡ | C38: =B8 | D38: =IFERROR(C38*INDEX(자재마스터!$M:$M,MATCH("철거|가성비",자재마스터!$AA:$AA,0)),0) | E38: =IFERROR(C38*INDEX(자재마스터!$M:$M,MATCH("철거|표준",자재마스터!$AA:$AA,0)),0) | F38: =IFERROR(C38*INDEX(자재마스터!$M:$M,MATCH("철거|고급",자재마스터!$AA:$AA,0)),0) | G38: =E8 | H38: =IFERROR(G38*INDEX(자재마스터!$M:$M,MATCH("철거|가성비",자재마스터!$AA:$AA,0)),0) | I38: =IFERROR(G38*INDEX(자재마스터!$M:$M,MATCH("철거|표준",자재마스터!$AA:$AA,0)),0) | J38: =IFERROR(G38*INDEX(자재마스터!$M:$M,MATCH("철거|고급",자재마스터!$AA:$AA,0)),0) | K38: =H8 | L38: =IFERROR(K38*INDEX(자재마스터!$M:$M,MATCH("철거|가성비",자재마스터!$AA:$AA,0)),0) | M38: =IFERROR(K38*INDEX(자재마스터!$M:$M,MATCH("철거|표준",자재마스터!$AA:$AA,0)),0) | N38: =IFERROR(K38*INDEX(자재마스터!$M:$M,MATCH("철거|고급",자재마스터!$AA:$AA,0)),0)
A39: 단열공사 | B39: ㎡ | C39: =B8 | D39: =IFERROR(C39*INDEX(자재마스터!$M:$M,MATCH("insulation|가성비",자재마스터!$Z:$Z,0)),0) | E39: =IFERROR(C39*INDEX(자재마스터!$M:$M,MATCH("insulation|표준",자재마스터!$Z:$Z,0)),0) | F39: =IFERROR(C39*INDEX(자재마스터!$M:$M,MATCH("insulation|고급",자재마스터!$Z:$Z,0)),0) | G39: =E8 | H39: =IFERROR(G39*INDEX(자재마스터!$M:$M,MATCH("insulation|가성비",자재마스터!$Z:$Z,0)),0) | I39: =IFERROR(G39*INDEX(자재마스터!$M:$M,MATCH("insulation|표준",자재마스터!$Z:$Z,0)),0) | J39: =IFERROR(G39*INDEX(자재마스터!$M:$M,MATCH("insulation|고급",자재마스터!$Z:$Z,0)),0) | K39: =H8 | L39: =IFERROR(K39*INDEX(자재마스터!$M:$M,MATCH("insulation|가성비",자재마스터!$Z:$Z,0)),0) | M39: =IFERROR(K39*INDEX(자재마스터!$M:$M,MATCH("insulation|표준",자재마스터!$Z:$Z,0)),0) | N39: =IFERROR(K39*INDEX(자재마스터!$M:$M,MATCH("insulation|고급",자재마스터!$Z:$Z,0)),0)
A40: 샷시 비확장부 | B40: ㎡ | C40: =B10*(1-B29) | D40: =IFERROR(C40*INDEX(자재마스터!$M:$M,MATCH("window|가성비",자재마스터!$Z:$Z,0)),0) | E40: =IFERROR(C40*INDEX(자재마스터!$M:$M,MATCH("window|표준",자재마스터!$Z:$Z,0)),0) | F40: =IFERROR(C40*INDEX(자재마스터!$M:$M,MATCH("window|고급",자재마스터!$Z:$Z,0)),0) | G40: =E10*(1-E29) | H40: =IFERROR(G40*INDEX(자재마스터!$M:$M,MATCH("window|가성비",자재마스터!$Z:$Z,0)),0) | I40: =IFERROR(G40*INDEX(자재마스터!$M:$M,MATCH("window|표준",자재마스터!$Z:$Z,0)),0) | J40: =IFERROR(G40*INDEX(자재마스터!$M:$M,MATCH("window|고급",자재마스터!$Z:$Z,0)),0) | K40: =H10*(1-H29) | L40: =IFERROR(K40*INDEX(자재마스터!$M:$M,MATCH("window|가성비",자재마스터!$Z:$Z,0)),0) | M40: =IFERROR(K40*INDEX(자재마스터!$M:$M,MATCH("window|표준",자재마스터!$Z:$Z,0)),0) | N40: =IFERROR(K40*INDEX(자재마스터!$M:$M,MATCH("window|고급",자재마스터!$Z:$Z,0)),0)
A41: 샷시 확장부 자동 | B41: ㎡ | C41: =B10*B29 | D41: =IFERROR(C41*INDEX(자재마스터!$M:$M,MATCH("window|가성비",자재마스터!$Z:$Z,0)),0) | E41: =IFERROR(C41*INDEX(자재마스터!$M:$M,MATCH("window|표준",자재마스터!$Z:$Z,0)),0) | F41: =IFERROR(C41*INDEX(자재마스터!$M:$M,MATCH("window|고급",자재마스터!$Z:$Z,0)),0) | G41: =E10*E29 | H41: =IFERROR(G41*INDEX(자재마스터!$M:$M,MATCH("window|가성비",자재마스터!$Z:$Z,0)),0) | I41: =IFERROR(G41*INDEX(자재마스터!$M:$M,MATCH("window|표준",자재마스터!$Z:$Z,0)),0) | J41: =IFERROR(G41*INDEX(자재마스터!$M:$M,MATCH("window|고급",자재마스터!$Z:$Z,0)),0) | K41: =H10*H29 | L41: =IFERROR(K41*INDEX(자재마스터!$M:$M,MATCH("window|가성비",자재마스터!$Z:$Z,0)),0) | M41: =IFERROR(K41*INDEX(자재마스터!$M:$M,MATCH("window|표준",자재마스터!$Z:$Z,0)),0) | N41: =IFERROR(K41*INDEX(자재마스터!$M:$M,MATCH("window|고급",자재마스터!$Z:$Z,0)),0)
A42: 바닥재 | B42: ㎡ | C42: =B19 | D42: =IFERROR(C42*INDEX(자재마스터!$M:$M,MATCH("flooring|가성비",자재마스터!$Z:$Z,0)),0) | E42: =IFERROR(C42*INDEX(자재마스터!$M:$M,MATCH("flooring|표준",자재마스터!$Z:$Z,0)),0) | F42: =IFERROR(C42*INDEX(자재마스터!$M:$M,MATCH("flooring|고급",자재마스터!$Z:$Z,0)),0) | G42: =E19 | H42: =IFERROR(G42*INDEX(자재마스터!$M:$M,MATCH("flooring|가성비",자재마스터!$Z:$Z,0)),0) | I42: =IFERROR(G42*INDEX(자재마스터!$M:$M,MATCH("flooring|표준",자재마스터!$Z:$Z,0)),0) | J42: =IFERROR(G42*INDEX(자재마스터!$M:$M,MATCH("flooring|고급",자재마스터!$Z:$Z,0)),0) | K42: =H19 | L42: =IFERROR(K42*INDEX(자재마스터!$M:$M,MATCH("flooring|가성비",자재마스터!$Z:$Z,0)),0) | M42: =IFERROR(K42*INDEX(자재마스터!$M:$M,MATCH("flooring|표준",자재마스터!$Z:$Z,0)),0) | N42: =IFERROR(K42*INDEX(자재마스터!$M:$M,MATCH("flooring|고급",자재마스터!$Z:$Z,0)),0)
A43: 도배 | B43: ㎡ | C43: =B20 | D43: =IFERROR(C43*INDEX(자재마스터!$M:$M,MATCH("wallpaper|가성비",자재마스터!$Z:$Z,0)),0) | E43: =IFERROR(C43*INDEX(자재마스터!$M:$M,MATCH("wallpaper|표준",자재마스터!$Z:$Z,0)),0) | F43: =IFERROR(C43*INDEX(자재마스터!$M:$M,MATCH("wallpaper|고급",자재마스터!$Z:$Z,0)),0) | G43: =E20 | H43: =IFERROR(G43*INDEX(자재마스터!$M:$M,MATCH("wallpaper|가성비",자재마스터!$Z:$Z,0)),0) | I43: =IFERROR(G43*INDEX(자재마스터!$M:$M,MATCH("wallpaper|표준",자재마스터!$Z:$Z,0)),0) | J43: =IFERROR(G43*INDEX(자재마스터!$M:$M,MATCH("wallpaper|고급",자재마스터!$Z:$Z,0)),0) | K43: =H20 | L43: =IFERROR(K43*INDEX(자재마스터!$M:$M,MATCH("wallpaper|가성비",자재마스터!$Z:$Z,0)),0) | M43: =IFERROR(K43*INDEX(자재마스터!$M:$M,MATCH("wallpaper|표준",자재마스터!$Z:$Z,0)),0) | N43: =IFERROR(K43*INDEX(자재마스터!$M:$M,MATCH("wallpaper|고급",자재마스터!$Z:$Z,0)),0)
A44: 몰딩 | B44: m | C44: =B18 | D44: =IFERROR(C44*INDEX(자재마스터!$M:$M,MATCH("molding|가성비",자재마스터!$Z:$Z,0)),0) | E44: =IFERROR(C44*INDEX(자재마스터!$M:$M,MATCH("molding|표준",자재마스터!$Z:$Z,0)),0) | F44: =IFERROR(C44*INDEX(자재마스터!$M:$M,MATCH("molding|고급",자재마스터!$Z:$Z,0)),0) | G44: =E18 | H44: =IFERROR(G44*INDEX(자재마스터!$M:$M,MATCH("molding|가성비",자재마스터!$Z:$Z,0)),0) | I44: =IFERROR(G44*INDEX(자재마스터!$M:$M,MATCH("molding|표준",자재마스터!$Z:$Z,0)),0) | J44: =IFERROR(G44*INDEX(자재마스터!$M:$M,MATCH("molding|고급",자재마스터!$Z:$Z,0)),0) | K44: =H18 | L44: =IFERROR(K44*INDEX(자재마스터!$M:$M,MATCH("molding|가성비",자재마스터!$Z:$Z,0)),0) | M44: =IFERROR(K44*INDEX(자재마스터!$M:$M,MATCH("molding|표준",자재마스터!$Z:$Z,0)),0) | N44: =IFERROR(K44*INDEX(자재마스터!$M:$M,MATCH("molding|고급",자재마스터!$Z:$Z,0)),0)
A45: 걸레받이 | B45: ㎡ | C45: =B9 | D45: =IFERROR(C45*INDEX(자재마스터!$M:$M,MATCH("baseboard|가성비",자재마스터!$Z:$Z,0)),0) | E45: =IFERROR(C45*INDEX(자재마스터!$M:$M,MATCH("baseboard|표준",자재마스터!$Z:$Z,0)),0) | F45: =IFERROR(C45*INDEX(자재마스터!$M:$M,MATCH("baseboard|고급",자재마스터!$Z:$Z,0)),0) | G45: =E9 | H45: =IFERROR(G45*INDEX(자재마스터!$M:$M,MATCH("baseboard|가성비",자재마스터!$Z:$Z,0)),0) | I45: =IFERROR(G45*INDEX(자재마스터!$M:$M,MATCH("baseboard|표준",자재마스터!$Z:$Z,0)),0) | J45: =IFERROR(G45*INDEX(자재마스터!$M:$M,MATCH("baseboard|고급",자재마스터!$Z:$Z,0)),0) | K45: =H9 | L45: =IFERROR(K45*INDEX(자재마스터!$M:$M,MATCH("baseboard|가성비",자재마스터!$Z:$Z,0)),0) | M45: =IFERROR(K45*INDEX(자재마스터!$M:$M,MATCH("baseboard|표준",자재마스터!$Z:$Z,0)),0) | N45: =IFERROR(K45*INDEX(자재마스터!$M:$M,MATCH("baseboard|고급",자재마스터!$Z:$Z,0)),0)
A46: 욕실 설치비 | B46: ea | C46: =2 | D46: =IFERROR(C46*INDEX(자재마스터!$M:$M,MATCH("bath_install|가성비",자재마스터!$Z:$Z,0)),0) | E46: =IFERROR(C46*INDEX(자재마스터!$M:$M,MATCH("bath_install|표준",자재마스터!$Z:$Z,0)),0) | F46: =IFERROR(C46*INDEX(자재마스터!$M:$M,MATCH("bath_install|고급",자재마스터!$Z:$Z,0)),0) | G46: =2 | H46: =IFERROR(G46*INDEX(자재마스터!$M:$M,MATCH("bath_install|가성비",자재마스터!$Z:$Z,0)),0) | I46: =IFERROR(G46*INDEX(자재마스터!$M:$M,MATCH("bath_install|표준",자재마스터!$Z:$Z,0)),0) | J46: =IFERROR(G46*INDEX(자재마스터!$M:$M,MATCH("bath_install|고급",자재마스터!$Z:$Z,0)),0) | K46: =2 | L46: =IFERROR(K46*INDEX(자재마스터!$M:$M,MATCH("bath_install|가성비",자재마스터!$Z:$Z,0)),0) | M46: =IFERROR(K46*INDEX(자재마스터!$M:$M,MATCH("bath_install|표준",자재마스터!$Z:$Z,0)),0) | N46: =IFERROR(K46*INDEX(자재마스터!$M:$M,MATCH("bath_install|고급",자재마스터!$Z:$Z,0)),0)
A47: 타일 시공팀 | B47: 팀일 | C47: =B32 | D47: =IFERROR(C47*INDEX(자재마스터!$M:$M,MATCH("tile_labor|가성비",자재마스터!$Z:$Z,0)),0) | E47: =IFERROR(C47*INDEX(자재마스터!$M:$M,MATCH("tile_labor|표준",자재마스터!$Z:$Z,0)),0) | F47: =IFERROR(C47*INDEX(자재마스터!$M:$M,MATCH("tile_labor|고급",자재마스터!$Z:$Z,0)),0) | G47: =E32 | H47: =IFERROR(G47*INDEX(자재마스터!$M:$M,MATCH("tile_labor|가성비",자재마스터!$Z:$Z,0)),0) | I47: =IFERROR(G47*INDEX(자재마스터!$M:$M,MATCH("tile_labor|표준",자재마스터!$Z:$Z,0)),0) | J47: =IFERROR(G47*INDEX(자재마스터!$M:$M,MATCH("tile_labor|고급",자재마스터!$Z:$Z,0)),0) | K47: =H32 | L47: =IFERROR(K47*INDEX(자재마스터!$M:$M,MATCH("tile_labor|가성비",자재마스터!$Z:$Z,0)),0) | M47: =IFERROR(K47*INDEX(자재마스터!$M:$M,MATCH("tile_labor|표준",자재마스터!$Z:$Z,0)),0) | N47: =IFERROR(K47*INDEX(자재마스터!$M:$M,MATCH("tile_labor|고급",자재마스터!$Z:$Z,0)),0)
A48: 중문 | B48: ea | C48: =1 | D48: =IFERROR(C48*INDEX(자재마스터!$M:$M,MATCH("sliding_door|가성비",자재마스터!$Z:$Z,0)),0) | E48: =IFERROR(C48*INDEX(자재마스터!$M:$M,MATCH("sliding_door|표준",자재마스터!$Z:$Z,0)),0) | F48: =IFERROR(C48*INDEX(자재마스터!$M:$M,MATCH("sliding_door|고급",자재마스터!$Z:$Z,0)),0) | G48: =1 | H48: =IFERROR(G48*INDEX(자재마스터!$M:$M,MATCH("sliding_door|가성비",자재마스터!$Z:$Z,0)),0) | I48: =IFERROR(G48*INDEX(자재마스터!$M:$M,MATCH("sliding_door|표준",자재마스터!$Z:$Z,0)),0) | J48: =IFERROR(G48*INDEX(자재마스터!$M:$M,MATCH("sliding_door|고급",자재마스터!$Z:$Z,0)),0) | K48: =1 | L48: =IFERROR(K48*INDEX(자재마스터!$M:$M,MATCH("sliding_door|가성비",자재마스터!$Z:$Z,0)),0) | M48: =IFERROR(K48*INDEX(자재마스터!$M:$M,MATCH("sliding_door|표준",자재마스터!$Z:$Z,0)),0) | N48: =IFERROR(K48*INDEX(자재마스터!$M:$M,MATCH("sliding_door|고급",자재마스터!$Z:$Z,0)),0)
A49: 일반가구 | B49: ea | C49: =1 | D49: =IFERROR(C49*INDEX(자재마스터!$M:$M,MATCH("general_furniture|가성비",자재마스터!$Z:$Z,0)),0) | E49: =IFERROR(C49*INDEX(자재마스터!$M:$M,MATCH("general_furniture|표준",자재마스터!$Z:$Z,0)),0) | F49: =IFERROR(C49*INDEX(자재마스터!$M:$M,MATCH("general_furniture|고급",자재마스터!$Z:$Z,0)),0) | G49: =1 | H49: =IFERROR(G49*INDEX(자재마스터!$M:$M,MATCH("general_furniture|가성비",자재마스터!$Z:$Z,0)),0) | I49: =IFERROR(G49*INDEX(자재마스터!$M:$M,MATCH("general_furniture|표준",자재마스터!$Z:$Z,0)),0) | J49: =IFERROR(G49*INDEX(자재마스터!$M:$M,MATCH("general_furniture|고급",자재마스터!$Z:$Z,0)),0) | K49: =1 | L49: =IFERROR(K49*INDEX(자재마스터!$M:$M,MATCH("general_furniture|가성비",자재마스터!$Z:$Z,0)),0) | M49: =IFERROR(K49*INDEX(자재마스터!$M:$M,MATCH("general_furniture|표준",자재마스터!$Z:$Z,0)),0) | N49: =IFERROR(K49*INDEX(자재마스터!$M:$M,MATCH("general_furniture|고급",자재마스터!$Z:$Z,0)),0)
A50: 붙박이장 | B50: m | C50: =B31 | D50: =IFERROR(C50*INDEX(자재마스터!$M:$M,MATCH("closet|가성비",자재마스터!$Z:$Z,0)),0) | E50: =IFERROR(C50*INDEX(자재마스터!$M:$M,MATCH("closet|표준",자재마스터!$Z:$Z,0)),0) | F50: =IFERROR(C50*INDEX(자재마스터!$M:$M,MATCH("closet|고급",자재마스터!$Z:$Z,0)),0) | G50: =E31 | H50: =IFERROR(G50*INDEX(자재마스터!$M:$M,MATCH("closet|가성비",자재마스터!$Z:$Z,0)),0) | I50: =IFERROR(G50*INDEX(자재마스터!$M:$M,MATCH("closet|표준",자재마스터!$Z:$Z,0)),0) | J50: =IFERROR(G50*INDEX(자재마스터!$M:$M,MATCH("closet|고급",자재마스터!$Z:$Z,0)),0) | K50: =H31 | L50: =IFERROR(K50*INDEX(자재마스터!$M:$M,MATCH("closet|가성비",자재마스터!$Z:$Z,0)),0) | M50: =IFERROR(K50*INDEX(자재마스터!$M:$M,MATCH("closet|표준",자재마스터!$Z:$Z,0)),0) | N50: =IFERROR(K50*INDEX(자재마스터!$M:$M,MATCH("closet|고급",자재마스터!$Z:$Z,0)),0)
A51: 전기 기본공사 | B51: ㎡ | C51: =B9 | D51: =IFERROR(C51*INDEX(자재마스터!$M:$M,MATCH("electrical_base|가성비",자재마스터!$Z:$Z,0)),0) | E51: =IFERROR(C51*INDEX(자재마스터!$M:$M,MATCH("electrical_base|표준",자재마스터!$Z:$Z,0)),0) | F51: =IFERROR(C51*INDEX(자재마스터!$M:$M,MATCH("electrical_base|고급",자재마스터!$Z:$Z,0)),0) | G51: =E9 | H51: =IFERROR(G51*INDEX(자재마스터!$M:$M,MATCH("electrical_base|가성비",자재마스터!$Z:$Z,0)),0) | I51: =IFERROR(G51*INDEX(자재마스터!$M:$M,MATCH("electrical_base|표준",자재마스터!$Z:$Z,0)),0) | J51: =IFERROR(G51*INDEX(자재마스터!$M:$M,MATCH("electrical_base|고급",자재마스터!$Z:$Z,0)),0) | K51: =H9 | L51: =IFERROR(K51*INDEX(자재마스터!$M:$M,MATCH("electrical_base|가성비",자재마스터!$Z:$Z,0)),0) | M51: =IFERROR(K51*INDEX(자재마스터!$M:$M,MATCH("electrical_base|표준",자재마스터!$Z:$Z,0)),0) | N51: =IFERROR(K51*INDEX(자재마스터!$M:$M,MATCH("electrical_base|고급",자재마스터!$Z:$Z,0)),0)
A52: 스위치/콘센트 | B52: ea | C52: =B30 | D52: =IFERROR(C52*INDEX(자재마스터!$M:$M,MATCH("electrical_switch|가성비",자재마스터!$Z:$Z,0)),0) | E52: =IFERROR(C52*INDEX(자재마스터!$M:$M,MATCH("electrical_switch|표준",자재마스터!$Z:$Z,0)),0) | F52: =IFERROR(C52*INDEX(자재마스터!$M:$M,MATCH("electrical_switch|고급",자재마스터!$Z:$Z,0)),0) | G52: =E30 | H52: =IFERROR(G52*INDEX(자재마스터!$M:$M,MATCH("electrical_switch|가성비",자재마스터!$Z:$Z,0)),0) | I52: =IFERROR(G52*INDEX(자재마스터!$M:$M,MATCH("electrical_switch|표준",자재마스터!$Z:$Z,0)),0) | J52: =IFERROR(G52*INDEX(자재마스터!$M:$M,MATCH("electrical_switch|고급",자재마스터!$Z:$Z,0)),0) | K52: =H30 | L52: =IFERROR(K52*INDEX(자재마스터!$M:$M,MATCH("electrical_switch|가성비",자재마스터!$Z:$Z,0)),0) | M52: =IFERROR(K52*INDEX(자재마스터!$M:$M,MATCH("electrical_switch|표준",자재마스터!$Z:$Z,0)),0) | N52: =IFERROR(K52*INDEX(자재마스터!$M:$M,MATCH("electrical_switch|고급",자재마스터!$Z:$Z,0)),0)
A53: 인덕션 전용선 | B53: ea | C53: =1 | D53: =IFERROR(C53*INDEX(자재마스터!$M:$M,MATCH("induction_line|가성비",자재마스터!$Z:$Z,0)),0) | E53: =IFERROR(C53*INDEX(자재마스터!$M:$M,MATCH("induction_line|표준",자재마스터!$Z:$Z,0)),0) | F53: =IFERROR(C53*INDEX(자재마스터!$M:$M,MATCH("induction_line|고급",자재마스터!$Z:$Z,0)),0) | G53: =1 | H53: =IFERROR(G53*INDEX(자재마스터!$M:$M,MATCH("induction_line|가성비",자재마스터!$Z:$Z,0)),0) | I53: =IFERROR(G53*INDEX(자재마스터!$M:$M,MATCH("induction_line|표준",자재마스터!$Z:$Z,0)),0) | J53: =IFERROR(G53*INDEX(자재마스터!$M:$M,MATCH("induction_line|고급",자재마스터!$Z:$Z,0)),0) | K53: =1 | L53: =IFERROR(K53*INDEX(자재마스터!$M:$M,MATCH("induction_line|가성비",자재마스터!$Z:$Z,0)),0) | M53: =IFERROR(K53*INDEX(자재마스터!$M:$M,MATCH("induction_line|표준",자재마스터!$Z:$Z,0)),0) | N53: =IFERROR(K53*INDEX(자재마스터!$M:$M,MATCH("induction_line|고급",자재마스터!$Z:$Z,0)),0)
A54: 설비 기본공사 | B54: ㎡ | C54: =B9 | D54: =IFERROR(C54*INDEX(자재마스터!$M:$M,MATCH("plumbing_base|가성비",자재마스터!$Z:$Z,0)),0) | E54: =IFERROR(C54*INDEX(자재마스터!$M:$M,MATCH("plumbing_base|표준",자재마스터!$Z:$Z,0)),0) | F54: =IFERROR(C54*INDEX(자재마스터!$M:$M,MATCH("plumbing_base|고급",자재마스터!$Z:$Z,0)),0) | G54: =E9 | H54: =IFERROR(G54*INDEX(자재마스터!$M:$M,MATCH("plumbing_base|가성비",자재마스터!$Z:$Z,0)),0) | I54: =IFERROR(G54*INDEX(자재마스터!$M:$M,MATCH("plumbing_base|표준",자재마스터!$Z:$Z,0)),0) | J54: =IFERROR(G54*INDEX(자재마스터!$M:$M,MATCH("plumbing_base|고급",자재마스터!$Z:$Z,0)),0) | K54: =H9 | L54: =IFERROR(K54*INDEX(자재마스터!$M:$M,MATCH("plumbing_base|가성비",자재마스터!$Z:$Z,0)),0) | M54: =IFERROR(K54*INDEX(자재마스터!$M:$M,MATCH("plumbing_base|표준",자재마스터!$Z:$Z,0)),0) | N54: =IFERROR(K54*INDEX(자재마스터!$M:$M,MATCH("plumbing_base|고급",자재마스터!$Z:$Z,0)),0)
A55: 분배기 교체 | B55: set | C55: =1 | D55: =IFERROR(C55*INDEX(자재마스터!$M:$M,MATCH("distribution_panel|가성비",자재마스터!$Z:$Z,0)),0) | E55: =IFERROR(C55*INDEX(자재마스터!$M:$M,MATCH("distribution_panel|표준",자재마스터!$Z:$Z,0)),0) | F55: =IFERROR(C55*INDEX(자재마스터!$M:$M,MATCH("distribution_panel|고급",자재마스터!$Z:$Z,0)),0) | G55: =1 | H55: =IFERROR(G55*INDEX(자재마스터!$M:$M,MATCH("distribution_panel|가성비",자재마스터!$Z:$Z,0)),0) | I55: =IFERROR(G55*INDEX(자재마스터!$M:$M,MATCH("distribution_panel|표준",자재마스터!$Z:$Z,0)),0) | J55: =IFERROR(G55*INDEX(자재마스터!$M:$M,MATCH("distribution_panel|고급",자재마스터!$Z:$Z,0)),0) | K55: =1 | L55: =IFERROR(K55*INDEX(자재마스터!$M:$M,MATCH("distribution_panel|가성비",자재마스터!$Z:$Z,0)),0) | M55: =IFERROR(K55*INDEX(자재마스터!$M:$M,MATCH("distribution_panel|표준",자재마스터!$Z:$Z,0)),0) | N55: =IFERROR(K55*INDEX(자재마스터!$M:$M,MATCH("distribution_panel|고급",자재마스터!$Z:$Z,0)),0)
A56: 배관 변경 | B56: set | C56: =1 | D56: =IFERROR(C56*INDEX(자재마스터!$M:$M,MATCH("plumbing_relocation|가성비",자재마스터!$Z:$Z,0)),0) | E56: =IFERROR(C56*INDEX(자재마스터!$M:$M,MATCH("plumbing_relocation|표준",자재마스터!$Z:$Z,0)),0) | F56: =IFERROR(C56*INDEX(자재마스터!$M:$M,MATCH("plumbing_relocation|고급",자재마스터!$Z:$Z,0)),0) | G56: =1 | H56: =IFERROR(G56*INDEX(자재마스터!$M:$M,MATCH("plumbing_relocation|가성비",자재마스터!$Z:$Z,0)),0) | I56: =IFERROR(G56*INDEX(자재마스터!$M:$M,MATCH("plumbing_relocation|표준",자재마스터!$Z:$Z,0)),0) | J56: =IFERROR(G56*INDEX(자재마스터!$M:$M,MATCH("plumbing_relocation|고급",자재마스터!$Z:$Z,0)),0) | K56: =1 | L56: =IFERROR(K56*INDEX(자재마스터!$M:$M,MATCH("plumbing_relocation|가성비",자재마스터!$Z:$Z,0)),0) | M56: =IFERROR(K56*INDEX(자재마스터!$M:$M,MATCH("plumbing_relocation|표준",자재마스터!$Z:$Z,0)),0) | N56: =IFERROR(K56*INDEX(자재마스터!$M:$M,MATCH("plumbing_relocation|고급",자재마스터!$Z:$Z,0)),0)
A57: 난방온도조절기 | B57: 대 | C57: =B34 | D57: =IFERROR(C57*INDEX(자재마스터!$M:$M,MATCH("thermostat|가성비",자재마스터!$Z:$Z,0)),0) | E57: =IFERROR(C57*INDEX(자재마스터!$M:$M,MATCH("thermostat|표준",자재마스터!$Z:$Z,0)),0) | F57: =IFERROR(C57*INDEX(자재마스터!$M:$M,MATCH("thermostat|고급",자재마스터!$Z:$Z,0)),0) | G57: =E34 | H57: =IFERROR(G57*INDEX(자재마스터!$M:$M,MATCH("thermostat|가성비",자재마스터!$Z:$Z,0)),0) | I57: =IFERROR(G57*INDEX(자재마스터!$M:$M,MATCH("thermostat|표준",자재마스터!$Z:$Z,0)),0) | J57: =IFERROR(G57*INDEX(자재마스터!$M:$M,MATCH("thermostat|고급",자재마스터!$Z:$Z,0)),0) | K57: =H34 | L57: =IFERROR(K57*INDEX(자재마스터!$M:$M,MATCH("thermostat|가성비",자재마스터!$Z:$Z,0)),0) | M57: =IFERROR(K57*INDEX(자재마스터!$M:$M,MATCH("thermostat|표준",자재마스터!$Z:$Z,0)),0) | N57: =IFERROR(K57*INDEX(자재마스터!$M:$M,MATCH("thermostat|고급",자재마스터!$Z:$Z,0)),0)
A58: 시스템에어컨 | B58: 대 | C58: =3 | D58: =IFERROR(C58*INDEX(자재마스터!$M:$M,MATCH("aircon|가성비",자재마스터!$Z:$Z,0)),0) | E58: =IFERROR(C58*INDEX(자재마스터!$M:$M,MATCH("aircon|표준",자재마스터!$Z:$Z,0)),0) | F58: =IFERROR(C58*INDEX(자재마스터!$M:$M,MATCH("aircon|고급",자재마스터!$Z:$Z,0)),0) | G58: =3 | H58: =IFERROR(G58*INDEX(자재마스터!$M:$M,MATCH("aircon|가성비",자재마스터!$Z:$Z,0)),0) | I58: =IFERROR(G58*INDEX(자재마스터!$M:$M,MATCH("aircon|표준",자재마스터!$Z:$Z,0)),0) | J58: =IFERROR(G58*INDEX(자재마스터!$M:$M,MATCH("aircon|고급",자재마스터!$Z:$Z,0)),0) | K58: =3 | L58: =IFERROR(K58*INDEX(자재마스터!$M:$M,MATCH("aircon|가성비",자재마스터!$Z:$Z,0)),0) | M58: =IFERROR(K58*INDEX(자재마스터!$M:$M,MATCH("aircon|표준",자재마스터!$Z:$Z,0)),0) | N58: =IFERROR(K58*INDEX(자재마스터!$M:$M,MATCH("aircon|고급",자재마스터!$Z:$Z,0)),0)
A59: 에어컨 실외기 | B59: ea | C59: =1 | D59: =IFERROR(C59*INDEX(자재마스터!$M:$M,MATCH("aircon_outdoor|가성비",자재마스터!$Z:$Z,0)),0) | E59: =IFERROR(C59*INDEX(자재마스터!$M:$M,MATCH("aircon_outdoor|표준",자재마스터!$Z:$Z,0)),0) | F59: =IFERROR(C59*INDEX(자재마스터!$M:$M,MATCH("aircon_outdoor|고급",자재마스터!$Z:$Z,0)),0) | G59: =1 | H59: =IFERROR(G59*INDEX(자재마스터!$M:$M,MATCH("aircon_outdoor|가성비",자재마스터!$Z:$Z,0)),0) | I59: =IFERROR(G59*INDEX(자재마스터!$M:$M,MATCH("aircon_outdoor|표준",자재마스터!$Z:$Z,0)),0) | J59: =IFERROR(G59*INDEX(자재마스터!$M:$M,MATCH("aircon_outdoor|고급",자재마스터!$Z:$Z,0)),0) | K59: =1 | L59: =IFERROR(K59*INDEX(자재마스터!$M:$M,MATCH("aircon_outdoor|가성비",자재마스터!$Z:$Z,0)),0) | M59: =IFERROR(K59*INDEX(자재마스터!$M:$M,MATCH("aircon_outdoor|표준",자재마스터!$Z:$Z,0)),0) | N59: =IFERROR(K59*INDEX(자재마스터!$M:$M,MATCH("aircon_outdoor|고급",자재마스터!$Z:$Z,0)),0)
A60: 실링팬 | B60: ea | C60: =2 | D60: =IFERROR(C60*INDEX(자재마스터!$M:$M,MATCH("ceiling_fan|가성비",자재마스터!$Z:$Z,0)),0) | E60: =IFERROR(C60*INDEX(자재마스터!$M:$M,MATCH("ceiling_fan|표준",자재마스터!$Z:$Z,0)),0) | F60: =IFERROR(C60*INDEX(자재마스터!$M:$M,MATCH("ceiling_fan|고급",자재마스터!$Z:$Z,0)),0) | G60: =2 | H60: =IFERROR(G60*INDEX(자재마스터!$M:$M,MATCH("ceiling_fan|가성비",자재마스터!$Z:$Z,0)),0) | I60: =IFERROR(G60*INDEX(자재마스터!$M:$M,MATCH("ceiling_fan|표준",자재마스터!$Z:$Z,0)),0) | J60: =IFERROR(G60*INDEX(자재마스터!$M:$M,MATCH("ceiling_fan|고급",자재마스터!$Z:$Z,0)),0) | K60: =2 | L60: =IFERROR(K60*INDEX(자재마스터!$M:$M,MATCH("ceiling_fan|가성비",자재마스터!$Z:$Z,0)),0) | M60: =IFERROR(K60*INDEX(자재마스터!$M:$M,MATCH("ceiling_fan|표준",자재마스터!$Z:$Z,0)),0) | N60: =IFERROR(K60*INDEX(자재마스터!$M:$M,MATCH("ceiling_fan|고급",자재마스터!$Z:$Z,0)),0)
A61: 목공사 (기본) | B61: set | C61: =1 | D61: =IFERROR(C61*INDEX(자재마스터!$M:$M,MATCH("carpentry_base|가성비",자재마스터!$Z:$Z,0)),0) | E61: =IFERROR(C61*INDEX(자재마스터!$M:$M,MATCH("carpentry_base|표준",자재마스터!$Z:$Z,0)),0) | F61: =IFERROR(C61*INDEX(자재마스터!$M:$M,MATCH("carpentry_base|고급",자재마스터!$Z:$Z,0)),0) | G61: =1 | H61: =IFERROR(G61*INDEX(자재마스터!$M:$M,MATCH("carpentry_base|가성비",자재마스터!$Z:$Z,0)),0) | I61: =IFERROR(G61*INDEX(자재마스터!$M:$M,MATCH("carpentry_base|표준",자재마스터!$Z:$Z,0)),0) | J61: =IFERROR(G61*INDEX(자재마스터!$M:$M,MATCH("carpentry_base|고급",자재마스터!$Z:$Z,0)),0) | K61: =1 | L61: =IFERROR(K61*INDEX(자재마스터!$M:$M,MATCH("carpentry_base|가성비",자재마스터!$Z:$Z,0)),0) | M61: =IFERROR(K61*INDEX(자재마스터!$M:$M,MATCH("carpentry_base|표준",자재마스터!$Z:$Z,0)),0) | N61: =IFERROR(K61*INDEX(자재마스터!$M:$M,MATCH("carpentry_base|고급",자재마스터!$Z:$Z,0)),0)
A62: 확장공사 | B62: ㎡ | C62: =B27 | D62: =IFERROR(C62*INDEX(자재마스터!$M:$M,MATCH("expansion|가성비",자재마스터!$Z:$Z,0)),0) | E62: =IFERROR(C62*INDEX(자재마스터!$M:$M,MATCH("expansion|표준",자재마스터!$Z:$Z,0)),0) | F62: =IFERROR(C62*INDEX(자재마스터!$M:$M,MATCH("expansion|고급",자재마스터!$Z:$Z,0)),0) | G62: =E27 | H62: =IFERROR(G62*INDEX(자재마스터!$M:$M,MATCH("expansion|가성비",자재마스터!$Z:$Z,0)),0) | I62: =IFERROR(G62*INDEX(자재마스터!$M:$M,MATCH("expansion|표준",자재마스터!$Z:$Z,0)),0) | J62: =IFERROR(G62*INDEX(자재마스터!$M:$M,MATCH("expansion|고급",자재마스터!$Z:$Z,0)),0) | K62: =H27 | L62: =IFERROR(K62*INDEX(자재마스터!$M:$M,MATCH("expansion|가성비",자재마스터!$Z:$Z,0)),0) | M62: =IFERROR(K62*INDEX(자재마스터!$M:$M,MATCH("expansion|표준",자재마스터!$Z:$Z,0)),0) | N62: =IFERROR(K62*INDEX(자재마스터!$M:$M,MATCH("expansion|고급",자재마스터!$Z:$Z,0)),0)
A63: 구청 확장공사 신고 | B63: set | C63: =1 | D63: =IFERROR(C63*INDEX(자재마스터!$M:$M,MATCH("expansion_permit|가성비",자재마스터!$Z:$Z,0)),0) | E63: =IFERROR(C63*INDEX(자재마스터!$M:$M,MATCH("expansion_permit|표준",자재마스터!$Z:$Z,0)),0) | F63: =IFERROR(C63*INDEX(자재마스터!$M:$M,MATCH("expansion_permit|고급",자재마스터!$Z:$Z,0)),0) | G63: =1 | H63: =IFERROR(G63*INDEX(자재마스터!$M:$M,MATCH("expansion_permit|가성비",자재마스터!$Z:$Z,0)),0) | I63: =IFERROR(G63*INDEX(자재마스터!$M:$M,MATCH("expansion_permit|표준",자재마스터!$Z:$Z,0)),0) | J63: =IFERROR(G63*INDEX(자재마스터!$M:$M,MATCH("expansion_permit|고급",자재마스터!$Z:$Z,0)),0) | K63: =1 | L63: =IFERROR(K63*INDEX(자재마스터!$M:$M,MATCH("expansion_permit|가성비",자재마스터!$Z:$Z,0)),0) | M63: =IFERROR(K63*INDEX(자재마스터!$M:$M,MATCH("expansion_permit|표준",자재마스터!$Z:$Z,0)),0) | N63: =IFERROR(K63*INDEX(자재마스터!$M:$M,MATCH("expansion_permit|고급",자재마스터!$Z:$Z,0)),0)
A64: 발코니 도장 | B64: ㎡ | C64: =B24 | D64: =IFERROR(C64*INDEX(자재마스터!$M:$M,MATCH("balcony_paint|가성비",자재마스터!$Z:$Z,0)),0) | E64: =IFERROR(C64*INDEX(자재마스터!$M:$M,MATCH("balcony_paint|표준",자재마스터!$Z:$Z,0)),0) | F64: =IFERROR(C64*INDEX(자재마스터!$M:$M,MATCH("balcony_paint|고급",자재마스터!$Z:$Z,0)),0) | G64: =E24 | H64: =IFERROR(G64*INDEX(자재마스터!$M:$M,MATCH("balcony_paint|가성비",자재마스터!$Z:$Z,0)),0) | I64: =IFERROR(G64*INDEX(자재마스터!$M:$M,MATCH("balcony_paint|표준",자재마스터!$Z:$Z,0)),0) | J64: =IFERROR(G64*INDEX(자재마스터!$M:$M,MATCH("balcony_paint|고급",자재마스터!$Z:$Z,0)),0) | K64: =H24 | L64: =IFERROR(K64*INDEX(자재마스터!$M:$M,MATCH("balcony_paint|가성비",자재마스터!$Z:$Z,0)),0) | M64: =IFERROR(K64*INDEX(자재마스터!$M:$M,MATCH("balcony_paint|표준",자재마스터!$Z:$Z,0)),0) | N64: =IFERROR(K64*INDEX(자재마스터!$M:$M,MATCH("balcony_paint|고급",자재마스터!$Z:$Z,0)),0)
A65: 다용도실 도장 | B65: ㎡ | C65: =B26 | D65: =IFERROR(C65*INDEX(자재마스터!$M:$M,MATCH("balcony_paint|가성비",자재마스터!$Z:$Z,0)),0) | E65: =IFERROR(C65*INDEX(자재마스터!$M:$M,MATCH("balcony_paint|표준",자재마스터!$Z:$Z,0)),0) | F65: =IFERROR(C65*INDEX(자재마스터!$M:$M,MATCH("balcony_paint|고급",자재마스터!$Z:$Z,0)),0) | G65: =E26 | H65: =IFERROR(G65*INDEX(자재마스터!$M:$M,MATCH("balcony_paint|가성비",자재마스터!$Z:$Z,0)),0) | I65: =IFERROR(G65*INDEX(자재마스터!$M:$M,MATCH("balcony_paint|표준",자재마스터!$Z:$Z,0)),0) | J65: =IFERROR(G65*INDEX(자재마스터!$M:$M,MATCH("balcony_paint|고급",자재마스터!$Z:$Z,0)),0) | K65: =H26 | L65: =IFERROR(K65*INDEX(자재마스터!$M:$M,MATCH("balcony_paint|가성비",자재마스터!$Z:$Z,0)),0) | M65: =IFERROR(K65*INDEX(자재마스터!$M:$M,MATCH("balcony_paint|표준",자재마스터!$Z:$Z,0)),0) | N65: =IFERROR(K65*INDEX(자재마스터!$M:$M,MATCH("balcony_paint|고급",자재마스터!$Z:$Z,0)),0)
A66: 발코니 바닥타일 | B66: ㎡ | C66: =B23 | D66: =IFERROR(C66*INDEX(자재마스터!$M:$M,MATCH("balcony_floor_tile|가성비",자재마스터!$Z:$Z,0)),0) | E66: =IFERROR(C66*INDEX(자재마스터!$M:$M,MATCH("balcony_floor_tile|표준",자재마스터!$Z:$Z,0)),0) | F66: =IFERROR(C66*INDEX(자재마스터!$M:$M,MATCH("balcony_floor_tile|고급",자재마스터!$Z:$Z,0)),0) | G66: =E23 | H66: =IFERROR(G66*INDEX(자재마스터!$M:$M,MATCH("balcony_floor_tile|가성비",자재마스터!$Z:$Z,0)),0) | I66: =IFERROR(G66*INDEX(자재마스터!$M:$M,MATCH("balcony_floor_tile|표준",자재마스터!$Z:$Z,0)),0) | J66: =IFERROR(G66*INDEX(자재마스터!$M:$M,MATCH("balcony_floor_tile|고급",자재마스터!$Z:$Z,0)),0) | K66: =H23 | L66: =IFERROR(K66*INDEX(자재마스터!$M:$M,MATCH("balcony_floor_tile|가성비",자재마스터!$Z:$Z,0)),0) | M66: =IFERROR(K66*INDEX(자재마스터!$M:$M,MATCH("balcony_floor_tile|표준",자재마스터!$Z:$Z,0)),0) | N66: =IFERROR(K66*INDEX(자재마스터!$M:$M,MATCH("balcony_floor_tile|고급",자재마스터!$Z:$Z,0)),0)
A67: 다용도실 바닥타일 | B67: ㎡ | C67: =B25 | D67: =IFERROR(C67*INDEX(자재마스터!$M:$M,MATCH("balcony_floor_tile|가성비",자재마스터!$Z:$Z,0)),0) | E67: =IFERROR(C67*INDEX(자재마스터!$M:$M,MATCH("balcony_floor_tile|표준",자재마스터!$Z:$Z,0)),0) | F67: =IFERROR(C67*INDEX(자재마스터!$M:$M,MATCH("balcony_floor_tile|고급",자재마스터!$Z:$Z,0)),0) | G67: =E25 | H67: =IFERROR(G67*INDEX(자재마스터!$M:$M,MATCH("balcony_floor_tile|가성비",자재마스터!$Z:$Z,0)),0) | I67: =IFERROR(G67*INDEX(자재마스터!$M:$M,MATCH("balcony_floor_tile|표준",자재마스터!$Z:$Z,0)),0) | J67: =IFERROR(G67*INDEX(자재마스터!$M:$M,MATCH("balcony_floor_tile|고급",자재마스터!$Z:$Z,0)),0) | K67: =H25 | L67: =IFERROR(K67*INDEX(자재마스터!$M:$M,MATCH("balcony_floor_tile|가성비",자재마스터!$Z:$Z,0)),0) | M67: =IFERROR(K67*INDEX(자재마스터!$M:$M,MATCH("balcony_floor_tile|표준",자재마스터!$Z:$Z,0)),0) | N67: =IFERROR(K67*INDEX(자재마스터!$M:$M,MATCH("balcony_floor_tile|고급",자재마스터!$Z:$Z,0)),0)
A68: 욕실 컴포넌트 합 (10개 자동) | B68: set | C68: 2 | D68: =IFERROR((2)*INDEX(자재마스터!$M:$M,MATCH("bath_jendai|가성비",자재마스터!$Z:$Z,0)),0)+IFERROR((B21)*INDEX(자재마스터!$M:$M,MATCH("bath_waterproof|가성비",자재마스터!$Z:$Z,0)),0)+IFERROR((B21*2)*INDEX(자재마스터!$M:$M,MATCH("bath_tile|가성비",자재마스터!$Z:$Z,0)),0)+IFERROR((B22)*INDEX(자재마스터!$M:$M,MATCH("bath_tile_method|가성비",자재마스터!$Z:$Z,0)),0)+IFERROR((1)*INDEX(자재마스터!$M:$M,MATCH("bath_partition|가성비",자재마스터!$Z:$Z,0)),0)+IFERROR((B21)*INDEX(자재마스터!$M:$M,MATCH("bath_ceiling|가성비",자재마스터!$Z:$Z,0)),0)+IFERROR((2)*INDEX(자재마스터!$M:$M,MATCH("bath_basin|가성비",자재마스터!$Z:$Z,0)),0)+IFERROR((2)*INDEX(자재마스터!$M:$M,MATCH("bath_faucet|가성비",자재마스터!$Z:$Z,0)),0)+IFERROR((2)*INDEX(자재마스터!$M:$M,MATCH("bath_toilet|가성비",자재마스터!$Z:$Z,0)),0)+IFERROR((2)*INDEX(자재마스터!$M:$M,MATCH("bath_accessory|가성비",자재마스터!$Z:$Z,0)),0)+IFERROR((B21)*INDEX(자재마스터!$M:$M,MATCH("bath_grout|가성비",자재마스터!$Z:$Z,0)),0) | E68: =IFERROR((2)*INDEX(자재마스터!$M:$M,MATCH("bath_jendai|표준",자재마스터!$Z:$Z,0)),0)+IFERROR((B21)*INDEX(자재마스터!$M:$M,MATCH("bath_waterproof|표준",자재마스터!$Z:$Z,0)),0)+IFERROR((B21*2)*INDEX(자재마스터!$M:$M,MATCH("bath_tile|표준",자재마스터!$Z:$Z,0)),0)+IFERROR((B22)*INDEX(자재마스터!$M:$M,MATCH("bath_tile_method|표준",자재마스터!$Z:$Z,0)),0)+IFERROR((1)*INDEX(자재마스터!$M:$M,MATCH("bath_partition|표준",자재마스터!$Z:$Z,0)),0)+IFERROR((B21)*INDEX(자재마스터!$M:$M,MATCH("bath_ceiling|표준",자재마스터!$Z:$Z,0)),0)+IFERROR((2)*INDEX(자재마스터!$M:$M,MATCH("bath_basin|표준",자재마스터!$Z:$Z,0)),0)+IFERROR((2)*INDEX(자재마스터!$M:$M,MATCH("bath_faucet|표준",자재마스터!$Z:$Z,0)),0)+IFERROR((2)*INDEX(자재마스터!$M:$M,MATCH("bath_toilet|표준",자재마스터!$Z:$Z,0)),0)+IFERROR((2)*INDEX(자재마스터!$M:$M,MATCH("bath_accessory|표준",자재마스터!$Z:$Z,0)),0)+IFERROR((B21)*INDEX(자재마스터!$M:$M,MATCH("bath_grout|표준",자재마스터!$Z:$Z,0)),0) | F68: =IFERROR((2)*INDEX(자재마스터!$M:$M,MATCH("bath_jendai|고급",자재마스터!$Z:$Z,0)),0)+IFERROR((B21)*INDEX(자재마스터!$M:$M,MATCH("bath_waterproof|고급",자재마스터!$Z:$Z,0)),0)+IFERROR((B21*2)*INDEX(자재마스터!$M:$M,MATCH("bath_tile|고급",자재마스터!$Z:$Z,0)),0)+IFERROR((B22)*INDEX(자재마스터!$M:$M,MATCH("bath_tile_method|고급",자재마스터!$Z:$Z,0)),0)+IFERROR((1)*INDEX(자재마스터!$M:$M,MATCH("bath_partition|고급",자재마스터!$Z:$Z,0)),0)+IFERROR((B21)*INDEX(자재마스터!$M:$M,MATCH("bath_ceiling|고급",자재마스터!$Z:$Z,0)),0)+IFERROR((2)*INDEX(자재마스터!$M:$M,MATCH("bath_basin|고급",자재마스터!$Z:$Z,0)),0)+IFERROR((2)*INDEX(자재마스터!$M:$M,MATCH("bath_faucet|고급",자재마스터!$Z:$Z,0)),0)+IFERROR((2)*INDEX(자재마스터!$M:$M,MATCH("bath_toilet|고급",자재마스터!$Z:$Z,0)),0)+IFERROR((2)*INDEX(자재마스터!$M:$M,MATCH("bath_accessory|고급",자재마스터!$Z:$Z,0)),0)+IFERROR((B21)*INDEX(자재마스터!$M:$M,MATCH("bath_grout|고급",자재마스터!$Z:$Z,0)),0) | G68: 2 | H68: =IFERROR((2)*INDEX(자재마스터!$M:$M,MATCH("bath_jendai|가성비",자재마스터!$Z:$Z,0)),0)+IFERROR((E21)*INDEX(자재마스터!$M:$M,MATCH("bath_waterproof|가성비",자재마스터!$Z:$Z,0)),0)+IFERROR((E21*2)*INDEX(자재마스터!$M:$M,MATCH("bath_tile|가성비",자재마스터!$Z:$Z,0)),0)+IFERROR((E22)*INDEX(자재마스터!$M:$M,MATCH("bath_tile_method|가성비",자재마스터!$Z:$Z,0)),0)+IFERROR((1)*INDEX(자재마스터!$M:$M,MATCH("bath_partition|가성비",자재마스터!$Z:$Z,0)),0)+IFERROR((E21)*INDEX(자재마스터!$M:$M,MATCH("bath_ceiling|가성비",자재마스터!$Z:$Z,0)),0)+IFERROR((2)*INDEX(자재마스터!$M:$M,MATCH("bath_basin|가성비",자재마스터!$Z:$Z,0)),0)+IFERROR((2)*INDEX(자재마스터!$M:$M,MATCH("bath_faucet|가성비",자재마스터!$Z:$Z,0)),0)+IFERROR((2)*INDEX(자재마스터!$M:$M,MATCH("bath_toilet|가성비",자재마스터!$Z:$Z,0)),0)+IFERROR((2)*INDEX(자재마스터!$M:$M,MATCH("bath_accessory|가성비",자재마스터!$Z:$Z,0)),0)+IFERROR((E21)*INDEX(자재마스터!$M:$M,MATCH("bath_grout|가성비",자재마스터!$Z:$Z,0)),0) | I68: =IFERROR((2)*INDEX(자재마스터!$M:$M,MATCH("bath_jendai|표준",자재마스터!$Z:$Z,0)),0)+IFERROR((E21)*INDEX(자재마스터!$M:$M,MATCH("bath_waterproof|표준",자재마스터!$Z:$Z,0)),0)+IFERROR((E21*2)*INDEX(자재마스터!$M:$M,MATCH("bath_tile|표준",자재마스터!$Z:$Z,0)),0)+IFERROR((E22)*INDEX(자재마스터!$M:$M,MATCH("bath_tile_method|표준",자재마스터!$Z:$Z,0)),0)+IFERROR((1)*INDEX(자재마스터!$M:$M,MATCH("bath_partition|표준",자재마스터!$Z:$Z,0)),0)+IFERROR((E21)*INDEX(자재마스터!$M:$M,MATCH("bath_ceiling|표준",자재마스터!$Z:$Z,0)),0)+IFERROR((2)*INDEX(자재마스터!$M:$M,MATCH("bath_basin|표준",자재마스터!$Z:$Z,0)),0)+IFERROR((2)*INDEX(자재마스터!$M:$M,MATCH("bath_faucet|표준",자재마스터!$Z:$Z,0)),0)+IFERROR((2)*INDEX(자재마스터!$M:$M,MATCH("bath_toilet|표준",자재마스터!$Z:$Z,0)),0)+IFERROR((2)*INDEX(자재마스터!$M:$M,MATCH("bath_accessory|표준",자재마스터!$Z:$Z,0)),0)+IFERROR((E21)*INDEX(자재마스터!$M:$M,MATCH("bath_grout|표준",자재마스터!$Z:$Z,0)),0) | J68: =IFERROR((2)*INDEX(자재마스터!$M:$M,MATCH("bath_jendai|고급",자재마스터!$Z:$Z,0)),0)+IFERROR((E21)*INDEX(자재마스터!$M:$M,MATCH("bath_waterproof|고급",자재마스터!$Z:$Z,0)),0)+IFERROR((E21*2)*INDEX(자재마스터!$M:$M,MATCH("bath_tile|고급",자재마스터!$Z:$Z,0)),0)+IFERROR((E22)*INDEX(자재마스터!$M:$M,MATCH("bath_tile_method|고급",자재마스터!$Z:$Z,0)),0)+IFERROR((1)*INDEX(자재마스터!$M:$M,MATCH("bath_partition|고급",자재마스터!$Z:$Z,0)),0)+IFERROR((E21)*INDEX(자재마스터!$M:$M,MATCH("bath_ceiling|고급",자재마스터!$Z:$Z,0)),0)+IFERROR((2)*INDEX(자재마스터!$M:$M,MATCH("bath_basin|고급",자재마스터!$Z:$Z,0)),0)+IFERROR((2)*INDEX(자재마스터!$M:$M,MATCH("bath_faucet|고급",자재마스터!$Z:$Z,0)),0)+IFERROR((2)*INDEX(자재마스터!$M:$M,MATCH("bath_toilet|고급",자재마스터!$Z:$Z,0)),0)+IFERROR((2)*INDEX(자재마스터!$M:$M,MATCH("bath_accessory|고급",자재마스터!$Z:$Z,0)),0)+IFERROR((E21)*INDEX(자재마스터!$M:$M,MATCH("bath_grout|고급",자재마스터!$Z:$Z,0)),0) | K68: 2 | L68: =IFERROR((2)*INDEX(자재마스터!$M:$M,MATCH("bath_jendai|가성비",자재마스터!$Z:$Z,0)),0)+IFERROR((H21)*INDEX(자재마스터!$M:$M,MATCH("bath_waterproof|가성비",자재마스터!$Z:$Z,0)),0)+IFERROR((H21*2)*INDEX(자재마스터!$M:$M,MATCH("bath_tile|가성비",자재마스터!$Z:$Z,0)),0)+IFERROR((H22)*INDEX(자재마스터!$M:$M,MATCH("bath_tile_method|가성비",자재마스터!$Z:$Z,0)),0)+IFERROR((1)*INDEX(자재마스터!$M:$M,MATCH("bath_partition|가성비",자재마스터!$Z:$Z,0)),0)+IFERROR((H21)*INDEX(자재마스터!$M:$M,MATCH("bath_ceiling|가성비",자재마스터!$Z:$Z,0)),0)+IFERROR((2)*INDEX(자재마스터!$M:$M,MATCH("bath_basin|가성비",자재마스터!$Z:$Z,0)),0)+IFERROR((2)*INDEX(자재마스터!$M:$M,MATCH("bath_faucet|가성비",자재마스터!$Z:$Z,0)),0)+IFERROR((2)*INDEX(자재마스터!$M:$M,MATCH("bath_toilet|가성비",자재마스터!$Z:$Z,0)),0)+IFERROR((2)*INDEX(자재마스터!$M:$M,MATCH("bath_accessory|가성비",자재마스터!$Z:$Z,0)),0)+IFERROR((H21)*INDEX(자재마스터!$M:$M,MATCH("bath_grout|가성비",자재마스터!$Z:$Z,0)),0) | M68: =IFERROR((2)*INDEX(자재마스터!$M:$M,MATCH("bath_jendai|표준",자재마스터!$Z:$Z,0)),0)+IFERROR((H21)*INDEX(자재마스터!$M:$M,MATCH("bath_waterproof|표준",자재마스터!$Z:$Z,0)),0)+IFERROR((H21*2)*INDEX(자재마스터!$M:$M,MATCH("bath_tile|표준",자재마스터!$Z:$Z,0)),0)+IFERROR((H22)*INDEX(자재마스터!$M:$M,MATCH("bath_tile_method|표준",자재마스터!$Z:$Z,0)),0)+IFERROR((1)*INDEX(자재마스터!$M:$M,MATCH("bath_partition|표준",자재마스터!$Z:$Z,0)),0)+IFERROR((H21)*INDEX(자재마스터!$M:$M,MATCH("bath_ceiling|표준",자재마스터!$Z:$Z,0)),0)+IFERROR((2)*INDEX(자재마스터!$M:$M,MATCH("bath_basin|표준",자재마스터!$Z:$Z,0)),0)+IFERROR((2)*INDEX(자재마스터!$M:$M,MATCH("bath_faucet|표준",자재마스터!$Z:$Z,0)),0)+IFERROR((2)*INDEX(자재마스터!$M:$M,MATCH("bath_toilet|표준",자재마스터!$Z:$Z,0)),0)+IFERROR((2)*INDEX(자재마스터!$M:$M,MATCH("bath_accessory|표준",자재마스터!$Z:$Z,0)),0)+IFERROR((H21)*INDEX(자재마스터!$M:$M,MATCH("bath_grout|표준",자재마스터!$Z:$Z,0)),0) | N68: =IFERROR((2)*INDEX(자재마스터!$M:$M,MATCH("bath_jendai|고급",자재마스터!$Z:$Z,0)),0)+IFERROR((H21)*INDEX(자재마스터!$M:$M,MATCH("bath_waterproof|고급",자재마스터!$Z:$Z,0)),0)+IFERROR((H21*2)*INDEX(자재마스터!$M:$M,MATCH("bath_tile|고급",자재마스터!$Z:$Z,0)),0)+IFERROR((H22)*INDEX(자재마스터!$M:$M,MATCH("bath_tile_method|고급",자재마스터!$Z:$Z,0)),0)+IFERROR((1)*INDEX(자재마스터!$M:$M,MATCH("bath_partition|고급",자재마스터!$Z:$Z,0)),0)+IFERROR((H21)*INDEX(자재마스터!$M:$M,MATCH("bath_ceiling|고급",자재마스터!$Z:$Z,0)),0)+IFERROR((2)*INDEX(자재마스터!$M:$M,MATCH("bath_basin|고급",자재마스터!$Z:$Z,0)),0)+IFERROR((2)*INDEX(자재마스터!$M:$M,MATCH("bath_faucet|고급",자재마스터!$Z:$Z,0)),0)+IFERROR((2)*INDEX(자재마스터!$M:$M,MATCH("bath_toilet|고급",자재마스터!$Z:$Z,0)),0)+IFERROR((2)*INDEX(자재마스터!$M:$M,MATCH("bath_accessory|고급",자재마스터!$Z:$Z,0)),0)+IFERROR((H21)*INDEX(자재마스터!$M:$M,MATCH("bath_grout|고급",자재마스터!$Z:$Z,0)),0)
A69: 주방 컴포넌트 합 (3.6m, 7개) | B69: set | C69: 3.6 | D69: =IFERROR((3.6)*INDEX(자재마스터!$M:$M,MATCH("kitchen_body|가성비",자재마스터!$Z:$Z,0)),0)+IFERROR((3.6)*INDEX(자재마스터!$M:$M,MATCH("kitchen_midway|가성비",자재마스터!$Z:$Z,0)),0)+IFERROR((3.6)*INDEX(자재마스터!$M:$M,MATCH("kitchen_door|가성비",자재마스터!$Z:$Z,0)),0)+IFERROR((3.6)*INDEX(자재마스터!$M:$M,MATCH("kitchen_top|가성비",자재마스터!$Z:$Z,0)),0)+IFERROR((ROUND(3.6*4.5,0))*INDEX(자재마스터!$M:$M,MATCH("kitchen_hardware|가성비",자재마스터!$Z:$Z,0)),0)+IFERROR((1)*INDEX(자재마스터!$M:$M,MATCH("kitchen_hood|가성비",자재마스터!$Z:$Z,0)),0)+IFERROR((1)*INDEX(자재마스터!$M:$M,MATCH("kitchen_sink|가성비",자재마스터!$Z:$Z,0)),0) | E69: =IFERROR((3.6)*INDEX(자재마스터!$M:$M,MATCH("kitchen_body|표준",자재마스터!$Z:$Z,0)),0)+IFERROR((3.6)*INDEX(자재마스터!$M:$M,MATCH("kitchen_midway|표준",자재마스터!$Z:$Z,0)),0)+IFERROR((3.6)*INDEX(자재마스터!$M:$M,MATCH("kitchen_door|표준",자재마스터!$Z:$Z,0)),0)+IFERROR((3.6)*INDEX(자재마스터!$M:$M,MATCH("kitchen_top|표준",자재마스터!$Z:$Z,0)),0)+IFERROR((ROUND(3.6*4.5,0))*INDEX(자재마스터!$M:$M,MATCH("kitchen_hardware|표준",자재마스터!$Z:$Z,0)),0)+IFERROR((1)*INDEX(자재마스터!$M:$M,MATCH("kitchen_hood|표준",자재마스터!$Z:$Z,0)),0)+IFERROR((1)*INDEX(자재마스터!$M:$M,MATCH("kitchen_sink|표준",자재마스터!$Z:$Z,0)),0) | F69: =IFERROR((3.6)*INDEX(자재마스터!$M:$M,MATCH("kitchen_body|고급",자재마스터!$Z:$Z,0)),0)+IFERROR((3.6)*INDEX(자재마스터!$M:$M,MATCH("kitchen_midway|고급",자재마스터!$Z:$Z,0)),0)+IFERROR((3.6)*INDEX(자재마스터!$M:$M,MATCH("kitchen_door|고급",자재마스터!$Z:$Z,0)),0)+IFERROR((3.6)*INDEX(자재마스터!$M:$M,MATCH("kitchen_top|고급",자재마스터!$Z:$Z,0)),0)+IFERROR((ROUND(3.6*4.5,0))*INDEX(자재마스터!$M:$M,MATCH("kitchen_hardware|고급",자재마스터!$Z:$Z,0)),0)+IFERROR((1)*INDEX(자재마스터!$M:$M,MATCH("kitchen_hood|고급",자재마스터!$Z:$Z,0)),0)+IFERROR((1)*INDEX(자재마스터!$M:$M,MATCH("kitchen_sink|고급",자재마스터!$Z:$Z,0)),0) | G69: 3.6 | H69: =IFERROR((3.6)*INDEX(자재마스터!$M:$M,MATCH("kitchen_body|가성비",자재마스터!$Z:$Z,0)),0)+IFERROR((3.6)*INDEX(자재마스터!$M:$M,MATCH("kitchen_midway|가성비",자재마스터!$Z:$Z,0)),0)+IFERROR((3.6)*INDEX(자재마스터!$M:$M,MATCH("kitchen_door|가성비",자재마스터!$Z:$Z,0)),0)+IFERROR((3.6)*INDEX(자재마스터!$M:$M,MATCH("kitchen_top|가성비",자재마스터!$Z:$Z,0)),0)+IFERROR((ROUND(3.6*4.5,0))*INDEX(자재마스터!$M:$M,MATCH("kitchen_hardware|가성비",자재마스터!$Z:$Z,0)),0)+IFERROR((1)*INDEX(자재마스터!$M:$M,MATCH("kitchen_hood|가성비",자재마스터!$Z:$Z,0)),0)+IFERROR((1)*INDEX(자재마스터!$M:$M,MATCH("kitchen_sink|가성비",자재마스터!$Z:$Z,0)),0) | I69: =IFERROR((3.6)*INDEX(자재마스터!$M:$M,MATCH("kitchen_body|표준",자재마스터!$Z:$Z,0)),0)+IFERROR((3.6)*INDEX(자재마스터!$M:$M,MATCH("kitchen_midway|표준",자재마스터!$Z:$Z,0)),0)+IFERROR((3.6)*INDEX(자재마스터!$M:$M,MATCH("kitchen_door|표준",자재마스터!$Z:$Z,0)),0)+IFERROR((3.6)*INDEX(자재마스터!$M:$M,MATCH("kitchen_top|표준",자재마스터!$Z:$Z,0)),0)+IFERROR((ROUND(3.6*4.5,0))*INDEX(자재마스터!$M:$M,MATCH("kitchen_hardware|표준",자재마스터!$Z:$Z,0)),0)+IFERROR((1)*INDEX(자재마스터!$M:$M,MATCH("kitchen_hood|표준",자재마스터!$Z:$Z,0)),0)+IFERROR((1)*INDEX(자재마스터!$M:$M,MATCH("kitchen_sink|표준",자재마스터!$Z:$Z,0)),0) | J69: =IFERROR((3.6)*INDEX(자재마스터!$M:$M,MATCH("kitchen_body|고급",자재마스터!$Z:$Z,0)),0)+IFERROR((3.6)*INDEX(자재마스터!$M:$M,MATCH("kitchen_midway|고급",자재마스터!$Z:$Z,0)),0)+IFERROR((3.6)*INDEX(자재마스터!$M:$M,MATCH("kitchen_door|고급",자재마스터!$Z:$Z,0)),0)+IFERROR((3.6)*INDEX(자재마스터!$M:$M,MATCH("kitchen_top|고급",자재마스터!$Z:$Z,0)),0)+IFERROR((ROUND(3.6*4.5,0))*INDEX(자재마스터!$M:$M,MATCH("kitchen_hardware|고급",자재마스터!$Z:$Z,0)),0)+IFERROR((1)*INDEX(자재마스터!$M:$M,MATCH("kitchen_hood|고급",자재마스터!$Z:$Z,0)),0)+IFERROR((1)*INDEX(자재마스터!$M:$M,MATCH("kitchen_sink|고급",자재마스터!$Z:$Z,0)),0) | K69: 3.6 | L69: =IFERROR((3.6)*INDEX(자재마스터!$M:$M,MATCH("kitchen_body|가성비",자재마스터!$Z:$Z,0)),0)+IFERROR((3.6)*INDEX(자재마스터!$M:$M,MATCH("kitchen_midway|가성비",자재마스터!$Z:$Z,0)),0)+IFERROR((3.6)*INDEX(자재마스터!$M:$M,MATCH("kitchen_door|가성비",자재마스터!$Z:$Z,0)),0)+IFERROR((3.6)*INDEX(자재마스터!$M:$M,MATCH("kitchen_top|가성비",자재마스터!$Z:$Z,0)),0)+IFERROR((ROUND(3.6*4.5,0))*INDEX(자재마스터!$M:$M,MATCH("kitchen_hardware|가성비",자재마스터!$Z:$Z,0)),0)+IFERROR((1)*INDEX(자재마스터!$M:$M,MATCH("kitchen_hood|가성비",자재마스터!$Z:$Z,0)),0)+IFERROR((1)*INDEX(자재마스터!$M:$M,MATCH("kitchen_sink|가성비",자재마스터!$Z:$Z,0)),0) | M69: =IFERROR((3.6)*INDEX(자재마스터!$M:$M,MATCH("kitchen_body|표준",자재마스터!$Z:$Z,0)),0)+IFERROR((3.6)*INDEX(자재마스터!$M:$M,MATCH("kitchen_midway|표준",자재마스터!$Z:$Z,0)),0)+IFERROR((3.6)*INDEX(자재마스터!$M:$M,MATCH("kitchen_door|표준",자재마스터!$Z:$Z,0)),0)+IFERROR((3.6)*INDEX(자재마스터!$M:$M,MATCH("kitchen_top|표준",자재마스터!$Z:$Z,0)),0)+IFERROR((ROUND(3.6*4.5,0))*INDEX(자재마스터!$M:$M,MATCH("kitchen_hardware|표준",자재마스터!$Z:$Z,0)),0)+IFERROR((1)*INDEX(자재마스터!$M:$M,MATCH("kitchen_hood|표준",자재마스터!$Z:$Z,0)),0)+IFERROR((1)*INDEX(자재마스터!$M:$M,MATCH("kitchen_sink|표준",자재마스터!$Z:$Z,0)),0) | N69: =IFERROR((3.6)*INDEX(자재마스터!$M:$M,MATCH("kitchen_body|고급",자재마스터!$Z:$Z,0)),0)+IFERROR((3.6)*INDEX(자재마스터!$M:$M,MATCH("kitchen_midway|고급",자재마스터!$Z:$Z,0)),0)+IFERROR((3.6)*INDEX(자재마스터!$M:$M,MATCH("kitchen_door|고급",자재마스터!$Z:$Z,0)),0)+IFERROR((3.6)*INDEX(자재마스터!$M:$M,MATCH("kitchen_top|고급",자재마스터!$Z:$Z,0)),0)+IFERROR((ROUND(3.6*4.5,0))*INDEX(자재마스터!$M:$M,MATCH("kitchen_hardware|고급",자재마스터!$Z:$Z,0)),0)+IFERROR((1)*INDEX(자재마스터!$M:$M,MATCH("kitchen_hood|고급",자재마스터!$Z:$Z,0)),0)+IFERROR((1)*INDEX(자재마스터!$M:$M,MATCH("kitchen_sink|고급",자재마스터!$Z:$Z,0)),0)
A70: 조명 합 (다운+간접+마그네틱) | B70: set | C70: 1 | D70: =IFERROR((ROUND(B4/2.5,0))*INDEX(자재마스터!$M:$M,MATCH("lighting_downlight|가성비",자재마스터!$Z:$Z,0)),0)+IFERROR(1*INDEX(자재마스터!$M:$M,MATCH("lighting_indirect_living|가성비",자재마스터!$Z:$Z,0)),0)+IFERROR(2*INDEX(자재마스터!$M:$M,MATCH("lighting_indirect_bath|가성비",자재마스터!$Z:$Z,0)),0)+IFERROR(1*INDEX(자재마스터!$M:$M,MATCH("lighting_magnetic_living|가성비",자재마스터!$Z:$Z,0)),0)+IFERROR(1*INDEX(자재마스터!$M:$M,MATCH("lighting_magnetic_kitchen|가성비",자재마스터!$Z:$Z,0)),0) | E70: =IFERROR((ROUND(B4/2.5,0))*INDEX(자재마스터!$M:$M,MATCH("lighting_downlight|표준",자재마스터!$Z:$Z,0)),0)+IFERROR(1*INDEX(자재마스터!$M:$M,MATCH("lighting_indirect_living|표준",자재마스터!$Z:$Z,0)),0)+IFERROR(2*INDEX(자재마스터!$M:$M,MATCH("lighting_indirect_bath|표준",자재마스터!$Z:$Z,0)),0)+IFERROR(1*INDEX(자재마스터!$M:$M,MATCH("lighting_magnetic_living|표준",자재마스터!$Z:$Z,0)),0)+IFERROR(1*INDEX(자재마스터!$M:$M,MATCH("lighting_magnetic_kitchen|표준",자재마스터!$Z:$Z,0)),0) | F70: =IFERROR((ROUND(B4/2.5,0))*INDEX(자재마스터!$M:$M,MATCH("lighting_downlight|고급",자재마스터!$Z:$Z,0)),0)+IFERROR(1*INDEX(자재마스터!$M:$M,MATCH("lighting_indirect_living|고급",자재마스터!$Z:$Z,0)),0)+IFERROR(2*INDEX(자재마스터!$M:$M,MATCH("lighting_indirect_bath|고급",자재마스터!$Z:$Z,0)),0)+IFERROR(1*INDEX(자재마스터!$M:$M,MATCH("lighting_magnetic_living|고급",자재마스터!$Z:$Z,0)),0)+IFERROR(1*INDEX(자재마스터!$M:$M,MATCH("lighting_magnetic_kitchen|고급",자재마스터!$Z:$Z,0)),0) | G70: 1 | H70: =IFERROR((ROUND(E4/2.5,0))*INDEX(자재마스터!$M:$M,MATCH("lighting_downlight|가성비",자재마스터!$Z:$Z,0)),0)+IFERROR(1*INDEX(자재마스터!$M:$M,MATCH("lighting_indirect_living|가성비",자재마스터!$Z:$Z,0)),0)+IFERROR(2*INDEX(자재마스터!$M:$M,MATCH("lighting_indirect_bath|가성비",자재마스터!$Z:$Z,0)),0)+IFERROR(1*INDEX(자재마스터!$M:$M,MATCH("lighting_magnetic_living|가성비",자재마스터!$Z:$Z,0)),0)+IFERROR(1*INDEX(자재마스터!$M:$M,MATCH("lighting_magnetic_kitchen|가성비",자재마스터!$Z:$Z,0)),0) | I70: =IFERROR((ROUND(E4/2.5,0))*INDEX(자재마스터!$M:$M,MATCH("lighting_downlight|표준",자재마스터!$Z:$Z,0)),0)+IFERROR(1*INDEX(자재마스터!$M:$M,MATCH("lighting_indirect_living|표준",자재마스터!$Z:$Z,0)),0)+IFERROR(2*INDEX(자재마스터!$M:$M,MATCH("lighting_indirect_bath|표준",자재마스터!$Z:$Z,0)),0)+IFERROR(1*INDEX(자재마스터!$M:$M,MATCH("lighting_magnetic_living|표준",자재마스터!$Z:$Z,0)),0)+IFERROR(1*INDEX(자재마스터!$M:$M,MATCH("lighting_magnetic_kitchen|표준",자재마스터!$Z:$Z,0)),0) | J70: =IFERROR((ROUND(E4/2.5,0))*INDEX(자재마스터!$M:$M,MATCH("lighting_downlight|고급",자재마스터!$Z:$Z,0)),0)+IFERROR(1*INDEX(자재마스터!$M:$M,MATCH("lighting_indirect_living|고급",자재마스터!$Z:$Z,0)),0)+IFERROR(2*INDEX(자재마스터!$M:$M,MATCH("lighting_indirect_bath|고급",자재마스터!$Z:$Z,0)),0)+IFERROR(1*INDEX(자재마스터!$M:$M,MATCH("lighting_magnetic_living|고급",자재마스터!$Z:$Z,0)),0)+IFERROR(1*INDEX(자재마스터!$M:$M,MATCH("lighting_magnetic_kitchen|고급",자재마스터!$Z:$Z,0)),0) | K70: 1 | L70: =IFERROR((ROUND(H4/2.5,0))*INDEX(자재마스터!$M:$M,MATCH("lighting_downlight|가성비",자재마스터!$Z:$Z,0)),0)+IFERROR(1*INDEX(자재마스터!$M:$M,MATCH("lighting_indirect_living|가성비",자재마스터!$Z:$Z,0)),0)+IFERROR(2*INDEX(자재마스터!$M:$M,MATCH("lighting_indirect_bath|가성비",자재마스터!$Z:$Z,0)),0)+IFERROR(1*INDEX(자재마스터!$M:$M,MATCH("lighting_magnetic_living|가성비",자재마스터!$Z:$Z,0)),0)+IFERROR(1*INDEX(자재마스터!$M:$M,MATCH("lighting_magnetic_kitchen|가성비",자재마스터!$Z:$Z,0)),0) | M70: =IFERROR((ROUND(H4/2.5,0))*INDEX(자재마스터!$M:$M,MATCH("lighting_downlight|표준",자재마스터!$Z:$Z,0)),0)+IFERROR(1*INDEX(자재마스터!$M:$M,MATCH("lighting_indirect_living|표준",자재마스터!$Z:$Z,0)),0)+IFERROR(2*INDEX(자재마스터!$M:$M,MATCH("lighting_indirect_bath|표준",자재마스터!$Z:$Z,0)),0)+IFERROR(1*INDEX(자재마스터!$M:$M,MATCH("lighting_magnetic_living|표준",자재마스터!$Z:$Z,0)),0)+IFERROR(1*INDEX(자재마스터!$M:$M,MATCH("lighting_magnetic_kitchen|표준",자재마스터!$Z:$Z,0)),0) | N70: =IFERROR((ROUND(H4/2.5,0))*INDEX(자재마스터!$M:$M,MATCH("lighting_downlight|고급",자재마스터!$Z:$Z,0)),0)+IFERROR(1*INDEX(자재마스터!$M:$M,MATCH("lighting_indirect_living|고급",자재마스터!$Z:$Z,0)),0)+IFERROR(2*INDEX(자재마스터!$M:$M,MATCH("lighting_indirect_bath|고급",자재마스터!$Z:$Z,0)),0)+IFERROR(1*INDEX(자재마스터!$M:$M,MATCH("lighting_magnetic_living|고급",자재마스터!$Z:$Z,0)),0)+IFERROR(1*INDEX(자재마스터!$M:$M,MATCH("lighting_magnetic_kitchen|고급",자재마스터!$Z:$Z,0)),0)
A71: 합계 (자동) | D71: =SUM(D38:D70) | E71: =SUM(E38:E70) | F71: =SUM(F38:F70) | H71: =SUM(H38:H70) | I71: =SUM(I38:I70) | J71: =SUM(J38:J70) | L71: =SUM(L38:L70) | M71: =SUM(M38:M70) | N71: =SUM(N38:N70)
A72: 평당 (원/평) | D72: =D71/B4 | E72: =E71/B4 | F72: =F71/B4 | H72: =H71/E4 | I72: =I71/E4 | J72: =J71/E4 | L72: =L71/H4 | M72: =M71/H4 | N72: =N71/H4
A74: ⚙ 사용 가이드: 평형(B4/E4/H4) 변경 → 모든 수량 자동. 자재마스터 단가 변경 → 자동 반영. 라인: 단순 + 욕실/주방/조명 합 라인.

Sheet 검증결과
A1: ▣ 시장 시세 vs 시스템 견적 검증 (2026-05) — 샷시 분리 + 기본공사(철거/단열/도장) 분리 적용 후
A2: 출처 비중: 셀프인테리어 카페·쓰레드/SNS 인테리어 견적사례 + 보조: 오늘의집·LX Z:IN·LifeBase·AJD·집브로·정책브리핑·sigongplus. 샷시-확장 이중계산 분리 완료: 확장공사는 골조+단열+배관+미장만(샷시 제외), 샷시는 발코니 면적 비율로 자동 분배(라인 #4 비확장부, #82 확장부 자동). [기본공사 등급 분리] 우리집!B12 1줄 → B12 철거 / B13 단열 / B14 도장 3줄로 확장. 기존 등급 셀(B13~B31)은 +2 이동(B15~B33). 모든 시트의 우리집!B?? 참조 자동 보정.
A4: 1. 시나리오별 종합 검증 — 평당 공사비 (부가세 별도, 전체 샷시 ON 가정)
A5: # | B5: 시나리오 | C5: 시스템 총공사비(원) | D5: 시스템 평당(원/평) | E5: 시장 평당 범위 | F5: 시장 총공사비 | G5: 적정성 | H5: 출처/근거
A6: 1 | B6: =우리집!B8&"평 / "&우리집!B61&" (현재 입력)" | C6: =공사비산출!B3 | D6: =공사비산출!E3 | E6: =공사비산출!B6 | F6: 2,500~3,750만 | G6: =공사비산출!E6 | H6: 셀인카페·오늘의집 25평 가성비
A7: 2 | B7: (원본 검증 — 30평 표준 기준값) | C7: 59995092 | D7: 1999836 | E7: 180~220만/평 | F7: 5,400~6,600만 | G7: ✓ 적정 | H7: LifeBase·AJD·오늘의집 표본 55%
A8: 3 | B8: (원본 검증 — 40평 표준 기준값) | C8: 66090469 | D8: 1652261 | E8: 180~220만/평 | F8: 7,200~8,800만 | G8: ⚠ 하한 미달 | H8: AJD 40평, 평형↑ 평당↓ 자연 추세
A10: 1-1. 샷시-확장 분리 시뮬레이션 (30평 표준)
A11: # | B11: 케이스 | C11: 확장 ON | D11: 전체 샷시 ON | E11: 확장공사(원) | F11: 샷시 합계(원) | G11: 총공사비(원) | H11: 비고
A12: 1 | B12: 기본 (확장+전체샷시) | C12: Y | D12: Y | E12: 2906150 | F12: 4640000 | G12: 59995092 | H12: 확장 18.16㎡, 외부창 16㎡ 전체 분배 (#4 비확장 3.63 + #82 확장 12.37)
A13: 2 | B13: 확장만, 샷시 OFF | C13: Y | D13: N | E13: 2906150 | F13: 3587030 | G13: 58942122 | H13: #4 비확장 0원, #82 확장 자동만 = 358만 (샷시 -105만)
A14: 3 | B14: 확장 X, 전체 샷시 ON | C14: N | D14: Y | E14: 0 | F14: 4640000 | G14: 58644760 | H14: 확장 0원, #4=464만 (전체 외부창), #82=0 — 비확장 케이스
A15: 4 | B15: 확장 X, 샷시 X | C15: N | D15: N | E15: 0 | F15: 0 | G15: 54004760 | H15: 리퍼브 최소 안. 새 외부창 무시 시
A17: 2. 공종별 단가 검증 (30평 표준 — 분리 보정 후)
A18: # | B18: 공종 | C18: 시스템(원) | D18: 시장 평균 | E18: 격차 | F18: 평가 | G18: 보정 사항 | H18: 근거 출처
A19: 1 | B19: 기본공사 (철거+단열+도장) | C19: 4021650 | D19: 350~500만 | E19: -5% | F19: ✓ 적정 | G19: 변경 없음 | H19: AJD·LifeBase 30평
A20: 2 | B20: 샷시 비확장부 (#4) | C20: 1052970 | D20: 50~150만 | E20: +5% | F20: ✓ 적정 | G20: 외부창 ×(1-확장비율) 산정 | H20: sigongplus 외부창 ㎡당 PVC 22~29만
A21: 3 | B21: 샷시 확장부 자동 (#82) | C21: 3587030 | D21: 300~500만 | E21: -10% | F21: ✓ 적정 | G21: 외부창 ×(확장비율) 자동 산정 | H21: 확장 시 발코니 측 새 외부창 표준
A22: 4 | B22: 샷시 합계 | C22: 4640000 | D22: 600~1,000만 | E22: -42% | F22: ⚠ 약간 낮음 | G22: 면적 산정 정확도 향상 | H22: 시장 평형당 견적은 추가 단열·블라인드 포함 多
A23: 5 | B23: 확장공사 (샷시 분리 후) | C23: 2906150 | D23: 200~350만 | E23: +6% | F23: ✓ 적정 | G23: 단가 -63% (샷시 제외) | H23: 정책브리핑 ㎡당 골조 10.6만+단열 5만
A24: 6 | B24: 확장+샷시(자동) 통합 ㎡당 | C24: 357489 | D24: 296,000~342,000원 | E24: +12% | F24: ✓ 적정 | G24: 정책브리핑 ㎡당 30~34만 부합 | H24: 단열창 19~23.6만 + 골조마감 10.6만
A25: 7 | B25: 바닥재 (강마루 광폭) | C25: 2760000 | D25: 250~350만 | E25: -8% | F25: ✓ 적정 | G25: 거실 18→20㎡ 면적 보정 효과 | H25: 쓰레드 단가표 광폭 강마루
A26: 8 | B26: 도배 (실크 표준) | C26: 2100000 | D26: 180~250만 | E26: -2% | F26: ✓ 적정 | G26: 합지 자재 미세 상향 | H26: 셀인카페·숨고
A27: 9 | B27: 몰딩 (MDF 평몰딩) | C27: 827601 | D27: 70~120만 | E27: -13% | F27: ✓ 적정 | G27: PVC 평몰딩 인건비 +500 | H27: 숨고 평균 64만
A28: 10 | B28: 걸레받이 (PVC 4전) | C28: 347550 | D28: 30~50만 | E28: -13% | F28: ✓ 적정 | G28: 변경 없음 | H28: 셀인카페
A29: 11 | B29: 욕실 컴포넌트 (2개소) | C29: 8708959 | D29: 700~1,000만 | E29: +2% | F29: ✓ 적정 | G29: 600/900각 자재 미세 조정 | H29: 오늘의집·셀인카페 1개소 350~500만 × 2
A30: 12 | B30: 욕실 설치비 통합 | C30: 600000 | D30: 50~80만 | E30: -8% | F30: ✓ 적정 | G30: 변경 없음 | H30: 욕실 설치 30만×2
... A42: 24 | B42: 발코니/다용도실 | C42: 333928 | D42: 40~80만 | E42: -44% | F42: ✓ 적정 | G42: 변경 없음 | H42: 도장+다용도실 바닥타일
A44: 3. 면적·둘레·산정 로직 검증 (확장-샷시 분리 포함)
A45: # | B45: 검증 항목 | C45: 시스템 로직/값 | D45: 시장 표준/근거 | E45: 평가 | F45: 보정 사항
A46: 1 | B46: 전용면적 | C46: 공급 × 0.75 | D46: 국민평형 84㎡=공급 110~115㎡, 전용율 73~76% | E46: ✓ 적정 | F46: 변경 없음
A47: 2 | B47: 30평 거실 | C47: 20㎡ (보정 후) | D47: 대한건축학회 33평 거실 27㎡, 30평 환산 22~23㎡ | E47: ✓ 적정 | F47: 상향 완료
A48: 3 | B48: 30평 외부창 | C48: 16㎡ (보정 후) | D48: 3베이 30평 외부창 16~22㎡ | E48: ✓ 적정 | F48: 상향 완료
A49: 4 | B49: 샷시 외부창 분배 | C49: 외부창×F12/SUM(C7:C11) | D49: 발코니 면적 비율로 분배 — 확장 면적이 클수록 신축 외부창 면적↑ | E49: ✓ 신규 | F49: 분리 적용
A50: 5 | B50: 확장공사 단가 | C50: 골조+단열+배관+미장만 | D50: 정책브리핑 골조마감 ㎡당 10.6만 + 단열 5만 ≈ 16만 | E50: ✓ 적정 | F50: 샷시 제외 보정
A51: 6 | B51: 확장 시 샷시 | C51: #82 자동 ON | D51: 확장>0이면 발코니 측 새 외부창 자동 | E51: ✓ 신규 | F51: 자동화
A52: 7 | B52: 전체 샷시 토글 | C52: 공사범위!B25 (수동) | D52: 확장 강제 Y 제거 — 사용자 직접 결정 | E52: ✓ 분리 | F52: 수정 완료
A53: 8 | B53: 붙박이장 m | C53: 평형별 차등 | D53: 25평:1.8/30평:2.0/40평:2.4 | E53: ✓ 보강 | F53: 적용 완료
A54: 9 | B54: 공간 둘레 | C54: SQRT(면적)×3.4 | D54: 직사각형 둘레 3.4~3.8×SQRT | E54: ✓ 적정 | F54: 변경 없음
A55: 10 | B55: 베이별 폭 | C55: 3베이 SQRT, 2베이 1.4배 | D55: 베이↑ 폭↓ 깊이↑ — 합리적 | E55: ✓ 적정 | F55: 변경 없음
A56: 11 | B56: 하드웨어 set/m | C56: m × 4.5/m | D56: 주방 m당 상부 1.5+하부 3=4.5 | E56: ✓ 적정 | F56: 변경 없음
A57: 12 | B57: 타일팀 일수 | C57: 평형<30:2일+이상이면+1 | D57: 욕실2+발코니/주방 ≈ 3~4일 | E57: ✓ 적정 | F57: 변경 없음
... A59: 14 | B59: 무몰딩/무걸레받이 | C59: ㎡당 목공1만+도배0.5만 | D59: 시장 무몰딩 도배 +5,000/㎡ | E59: ✓ 정확 | F59: 변경 없음
A61: 4. 종합 결론 및 사용 가이드
A62: ▶ 총평 | B62: 샷시-확장 이중계산 제거 후 30평 표준 평당 200만원으로 시장 적정 범위(180~220만) 정확 위치. 25평 가성비 평당 135만, 40평 표준 평당 165만으로 평형↑ 평당↓ 자연스러운 추세 확인.
A63: ▶ 분리 효과 | B63: 확장공사 단가 -63% (43만/㎡→16만/㎡), 샷시 라인 2개로 분리 (#4 비확장부, #82 확장부 자동). 30평 표준 기준 약 490만원 절감(이중계산 제거). 정책브리핑 단가(㎡당 30~34만)와 통합 단가 정확 일치.
A64: ▶ 작동 방식 | B64: 1) 확장 ON → 라인 #82가 발코니 면적 비율로 외부창 자동 분배·샷시 자동 산정. 2) 전체 샷시 ON → 라인 #4가 비확장부 외부창 추가 산정. 3) 두 라인 모두 OFF → 샷시 0원 (확장은 골조+단열만).
A65: ▶ 한계 | B65: 1) 외부창 분배 방식은 발코니 면적 비율 가정 — 실제 도면과 차이 가능. 2) 자재마스터 단가는 시장가 추정 — SKU별 실견적 권장. 3) 부가세 별도 기준, 사다리차/단열보강은 샷시 자재단가에 일부 포함.
A66: ▶ 출처 | B66: 셀프인테리어 카페, 쓰레드/SNS (jb_interiorcreator), LX Z:IN, 오늘의집, LifeBase, AJD, 집브로, sigongplus, tilejob, 정책브리핑(발코니확장 단열창 단가), 한샘몰, 대한건축학회.
A67: ▶ 다음 단계 | B67: 1) 견적요청서 출력 → 3개 업체 비교. 2) 자재마스터 verified_by 컬럼 SKU별 실거래가 업데이트. 3) 평형DB시나리오 시트 24/34/44평 결과를 보정값으로 백테스트 후 갱신.

Sheet 견적요청서
A1: 공사 견적 요청서
A3: ▣ 현장 정보
A4: 평형 | B4: =우리집!B8&"평" | E4: 전용면적 | F4: =ROUND(우리집!B15,1)&"㎡"
A5: 욕실 개수 | B5: ="공용 "&우리집!B11&" / 부부 "&우리집!B12 | E5: 외부창 면적 | F5: =ROUND(우리집!B16,1)&"㎡"
A6: 작성일 | B6: =TEXT(TODAY(),"yyyy-mm-dd") | E6: 견적 회신 마감 | F6: =TEXT(TODAY()+7,"yyyy-mm-dd")
A8: 아래 표의 빈 단가 / 소계 칸을 채워서 회신해 주십시오. 수량과 자재 사양은 사전 산출되어 있으며, 변경 시에는 비고에 명시 부탁드립니다.
A10: # | B10: 공간 | C10: 공종 | D10: 자재 사양 (브랜드/품번/규격) | E10: 수량 | F10: 단위 | G10: 단가(원) | H10: 소계(원)
A11: =공사비산출!A9 | B11: =공사비산출!B9 | C11: =공사비산출!C9 | D11: =IFERROR(VLOOKUP(공사비산출!G9,자재마스터!E:F,2,FALSE()),"-") | E11: =공사비산출!E9 | F11: =공사비산출!D9 | H11: =IF(G11="","",E11*G11)
A12: =공사비산출!A10 | B12: =공사비산출!B10 | C12: =공사비산출!C10 | D12: =IFERROR(VLOOKUP(공사비산출!G10,자재마스터!E:F,2,FALSE()),"-") | E12: =공사비산출!E10 | F12: =공사비산출!D10 | H12: =IF(G12="","",E12*G12)
A13: =공사비산출!A11 | B13: =공사비산출!B11 | C13: =공사비산출!C11 | D13: =IFERROR(VLOOKUP(공사비산출!G11,자재마스터!E:F,2,FALSE()),"-") | E13: =공사비산출!E11 | F13: =공사비산출!D11 | H13: =IF(G13="","",E13*G13)
A14: =공사비산출!A12 | B14: =공사비산출!B12 | C14: =공사비산출!C12 | D14: =IFERROR(VLOOKUP(공사비산출!G12,자재마스터!E:F,2,FALSE()),"-") | E14: =공사비산출!E12 | F14: =공사비산출!D12 | H14: =IF(G14="","",E14*G14)
A15: =공사비산출!A13 | B15: =공사비산출!B13 | C15: =공사비산출!C13 | D15: =IFERROR(VLOOKUP(공사비산출!G13,자재마스터!E:F,2,FALSE()),"-") | E15: =공사비산출!E13 | F15: =공사비산출!D13 | H15: =IF(G15="","",E15*G15)
A16: =공사비산출!A14 | B16: =공사비산출!B14 | C16: =공사비산출!C14 | D16: =IFERROR(VLOOKUP(공사비산출!G14,자재마스터!E:F,2,FALSE()),"-") | E16: =공사비산출!E14 | F16: =공사비산출!D14 | H16: =IF(G16="","",E16*G16)
A17: =공사비산출!A15 | B17: =공사비산출!B15 | C17: =공사비산출!C15 | D17: =IFERROR(VLOOKUP(공사비산출!G15,자재마스터!E:F,2,FALSE()),"-") | E17: =공사비산출!E15 | F17: =공사비산출!D15 | H17: =IF(G17="","",E17*G17)
A18: =공사비산출!A16 | B18: =공사비산출!B16 | C18: =공사비산출!C16 | D18: =IFERROR(VLOOKUP(공사비산출!G16,자재마스터!E:F,2,FALSE()),"-") | E18: =공사비산출!E16 | F18: =공사비산출!D16 | H18: =IF(G18="","",E18*G18)
A19: =공사비산출!A17 | B19: =공사비산출!B17 | C19: =공사비산출!C17 | D19: =IFERROR(VLOOKUP(공사비산출!G17,자재마스터!E:F,2,FALSE()),"-") | E19: =공사비산출!E17 | F19: =공사비산출!D17 | H19: =IF(G19="","",E19*G19)
A20: =공사비산출!A18 | B20: =공사비산출!B18 | C20: =공사비산출!C18 | D20: =IFERROR(VLOOKUP(공사비산출!G18,자재마스터!E:F,2,FALSE()),"-") | E20: =공사비산출!E18 | F20: =공사비산출!D18 | H20: =IF(G20="","",E20*G20)
A21: =공사비산출!A19 | B21: =공사비산출!B19 | C21: =공사비산출!C19 | D21: =IFERROR(VLOOKUP(공사비산출!G19,자재마스터!E:F,2,FALSE()),"-") | E21: =공사비산출!E19 | F21: =공사비산출!D19 | H21: =IF(G21="","",E21*G21)
A22: =공사비산출!A20 | B22: =공사비산출!B20 | C22: =공사비산출!C20 | D22: =IFERROR(VLOOKUP(공사비산출!G20,자재마스터!E:F,2,FALSE()),"-") | E22: =공사비산출!E20 | F22: =공사비산출!D20 | H22: =IF(G22="","",E22*G22)
... A91: =공사비산출!A89 | B91: =공사비산출!B89 | C91: =공사비산출!C89 | D91: =IFERROR(VLOOKUP(공사비산출!G89,자재마스터!E:F,2,FALSE()),"-") | E91: =공사비산출!E89 | F91: =공사비산출!D89 | H91: =IF(G91="","",E91*G91)
A92: 합계 | H92: =SUMPRODUCT(--ISNUMBER(H11:H91),H11:H91)
A94: ▣ 회신 시 추가 확인 항목
A95: 1. 작업 가능 시작 가능일과 총 공사 일정
A96: 2. 자재 변경 제안 시 사양·단가·사유 명시
A97: 3. 부가세 별도 / 포함 여부
A98: 4. 잔공사·하자보수 보증 기간 (일반적으로 1년)
A99: 5. 폐기물 처리비 포함 여부
A100: 6. 관리사무소 사전 협의 사항 (소음·반입 시간 등)

Sheet 24평_시나리오
A1: ▣ 24평 기준 시나리오 — 등급별 상세
A2: 평형(B4) 변경 → 모든 표 수량 자동 갱신. 자재마스터 변경 → 단가·기준자재·공사비 자동 반영. 가정: 3베이, 거실+작방1+작방2+주방 발코니 확장(안방 비확장), 욕실 2개, 주방 3.6m, 전체 샷시 ON.
A4: 평형 (변경 가능) | B4: 24 | C4: 평
A5: lower 평형대 | B5: =INT(B4/10)*10
A6: ratio | B6: =(B4-B5)/10
A7: lower col idx | B7: =B5/10
A8: 전용면적 (㎡) | B8: =B4*3.31*0.75
A9: 공급면적 (㎡) | B9: =B4*3.31
A10: 외부창 (㎡) | B10: =INDEX(표준면적!$B$11:$G$11,1,B7)+(INDEX(표준면적!$B$11:$G$11,1,B7+1)-INDEX(표준면적!$B$11:$G$11,1,B7))*B6
A11: 거실 면적 (㎡) | B11: =INDEX(표준면적!$B$3:$G$10,1,B7)+(INDEX(표준면적!$B$3:$G$10,1,B7+1)-INDEX(표준면적!$B$3:$G$10,1,B7))*B6
A12: 주방 면적 (㎡) | B12: =INDEX(표준면적!$B$3:$G$10,2,B7)+(INDEX(표준면적!$B$3:$G$10,2,B7+1)-INDEX(표준면적!$B$3:$G$10,2,B7))*B6
A13: 안방 면적 (㎡) | B13: =INDEX(표준면적!$B$3:$G$10,3,B7)+(INDEX(표준면적!$B$3:$G$10,3,B7+1)-INDEX(표준면적!$B$3:$G$10,3,B7))*B6
A14: 작방1 면적 (㎡) | B14: =INDEX(표준면적!$B$3:$G$10,4,B7)+(INDEX(표준면적!$B$3:$G$10,4,B7+1)-INDEX(표준면적!$B$3:$G$10,4,B7))*B6
A15: 작방2 면적 (㎡) | B15: =INDEX(표준면적!$B$3:$G$10,5,B7)+(INDEX(표준면적!$B$3:$G$10,5,B7+1)-INDEX(표준면적!$B$3:$G$10,5,B7))*B6
A16: 공용욕실 면적 (㎡) | B16: =INDEX(표준면적!$B$3:$G$10,6,B7)+(INDEX(표준면적!$B$3:$G$10,6,B7+1)-INDEX(표준면적!$B$3:$G$10,6,B7))*B6
A17: 부부욕실 면적 (㎡) | B17: =INDEX(표준면적!$B$3:$G$10,7,B7)+(INDEX(표준면적!$B$3:$G$10,7,B7+1)-INDEX(표준면적!$B$3:$G$10,7,B7))*B6
A18: 둘레 합 (몰딩, m) | B18: =SQRT(B11)*3.4+SQRT(B12)*3.4+SQRT(B13)*3.4+SQRT(B14)*3.4+SQRT(B15)*3.4
A19: 바닥 면적 합 (㎡) | B19: =B11+B12+B13+B14+B15
A20: 도배 면적 (㎡) | B20: =B19*2.8
A21: 욕실 면적 합 (㎡) | B21: =B16+B17
A22: 욕실 둘레 합 (m) | B22: =SQRT(B16)*3.4+SQRT(B17)*3.4
A23: 발코니 면적 (㎡) | B23: =INDEX(표준면적!$B$27:$G$27,1,B7)+(INDEX(표준면적!$B$27:$G$27,1,B7+1)-INDEX(표준면적!$B$27:$G$27,1,B7))*B6
A24: 발코니 도장 (㎡) | B24: =INDEX(표준면적!$B$29:$G$29,1,B7)+(INDEX(표준면적!$B$29:$G$29,1,B7+1)-INDEX(표준면적!$B$29:$G$29,1,B7))*B6
A25: 다용도실 (㎡) | B25: =INDEX(표준면적!$B$28:$G$28,1,B7)+(INDEX(표준면적!$B$28:$G$28,1,B7+1)-INDEX(표준면적!$B$28:$G$28,1,B7))*B6
A26: 다용도실 도장 (㎡) | B26: =INDEX(표준면적!$B$30:$G$30,1,B7)+(INDEX(표준면적!$B$30:$G$30,1,B7+1)-INDEX(표준면적!$B$30:$G$30,1,B7))*B6
A27: 확장 면적 (㎡) | B27: =(SQRT(B11)*1+SQRT(B14)*0.9+SQRT(B15)*0.85+SQRT(B12)*0.85)*1.5
A28: 발코니 합 (분배기준) | B28: =(SQRT(B11)*1+SQRT(B13)*1+SQRT(B14)*0.9+SQRT(B15)*0.85+SQRT(B12)*0.85)*1.5
A29: 외부창 비확장 (㎡) | B29: =B10*MAX(0,1-B27/B28)
A30: 외부창 확장 (㎡) | B30: =B10*MIN(1,B27/B28)
A31: 스위치/콘센트 (ea) | B31: =IF(B4<15,18,IF(B4<25,24,IF(B4<35,34,IF(B4<45,42,IF(B4<55,50,56)))))
A32: 붙박이장 m | B32: =IF(B4>=40,7.2,IF(B4>=30,6.4,5.6))
A33: 타일 일수 | B33: =IF(B4<30,2,IF(B4<50,3,4))+1
A34: 다운라이트 (ea) | B34: =ROUND(B4/2.5,0)
A35: 난방온도조절기 (대) | B35: =IF(B4<20,2,IF(B4<30,3,IF(B4<40,4,5)))
A37: ■ 가성비 등급
A38: 공종 | B38: 기준자재 | C38: 단가(원) | D38: 수량 | E38: 공사비(원)
A39: 철거공사 | B39: =IFERROR((INDEX(자재마스터!$F:$F, MATCH("철거|가성비",자재마스터!$AA:$AA,0)) & " " & INDEX(자재마스터!$G:$G, MATCH("철거|가성비",자재마스터!$AA:$AA,0)))&" ("&INDEX(자재마스터!$J:$J,MATCH("철거|가성비",자재마스터!$AA:$AA,0))&")","매칭없음") | C39: =IFERROR(INDEX(자재마스터!$M:$M,MATCH("철거|가성비",자재마스터!$AA:$AA,0)),0) | D39: =B8 | E39: =C39*D39
A40: 단열공사 | B40: =IFERROR((INDEX(자재마스터!$F:$F, MATCH("insulation|가성비",자재마스터!$Z:$Z,0)) & " " & INDEX(자재마스터!$G:$G, MATCH("insulation|가성비",자재마스터!$Z:$Z,0)))&" ("&INDEX(자재마스터!$J:$J,MATCH("insulation|가성비",자재마스터!$Z:$Z,0))&")","매칭없음") | C40: =IFERROR(INDEX(자재마스터!$M:$M,MATCH("insulation|가성비",자재마스터!$Z:$Z,0)),0) | D40: =B8 | E40: =C40*D40
A41: 샷시 비확장부 | B41: =IFERROR((INDEX(자재마스터!$F:$F, MATCH("window|가성비",자재마스터!$Z:$Z,0)) & " " & INDEX(자재마스터!$G:$G, MATCH("window|가성비",자재마스터!$Z:$Z,0)))&" ("&INDEX(자재마스터!$J:$J,MATCH("window|가성비",자재마스터!$Z:$Z,0))&")","매칭없음") | C41: =IFERROR(INDEX(자재마스터!$M:$M,MATCH("window|가성비",자재마스터!$Z:$Z,0)),0) | D41: =B29 | E41: =C41*D41
A42: 샷시 확장부 자동 | B42: =IFERROR((INDEX(자재마스터!$F:$F, MATCH("window|가성비",자재마스터!$Z:$Z,0)) & " " & INDEX(자재마스터!$G:$G, MATCH("window|가성비",자재마스터!$Z:$Z,0)))&" ("&INDEX(자재마스터!$J:$J,MATCH("window|가성비",자재마스터!$Z:$Z,0))&")","매칭없음") | C42: =IFERROR(INDEX(자재마스터!$M:$M,MATCH("window|가성비",자재마스터!$Z:$Z,0)),0) | D42: =B30 | E42: =C42*D42
A43: 바닥재 | B43: =IFERROR((INDEX(자재마스터!$F:$F, MATCH("flooring|가성비",자재마스터!$Z:$Z,0)) & " " & INDEX(자재마스터!$G:$G, MATCH("flooring|가성비",자재마스터!$Z:$Z,0)))&" ("&INDEX(자재마스터!$J:$J,MATCH("flooring|가성비",자재마스터!$Z:$Z,0))&")","매칭없음") | C43: =IFERROR(INDEX(자재마스터!$M:$M,MATCH("flooring|가성비",자재마스터!$Z:$Z,0)),0) | D43: =B19 | E43: =C43*D43
A44: 도배 | B44: =IFERROR((INDEX(자재마스터!$F:$F, MATCH("wallpaper|가성비",자재마스터!$Z:$Z,0)) & " " & INDEX(자재마스터!$G:$G, MATCH("wallpaper|가성비",자재마스터!$Z:$Z,0)))&" ("&INDEX(자재마스터!$J:$J,MATCH("wallpaper|가성비",자재마스터!$Z:$Z,0))&")","매칭없음") | C44: =IFERROR(INDEX(자재마스터!$M:$M,MATCH("wallpaper|가성비",자재마스터!$Z:$Z,0)),0) | D44: =B20 | E44: =C44*D44
A45: 몰딩 | B45: =IFERROR((INDEX(자재마스터!$F:$F, MATCH("molding|가성비",자재마스터!$Z:$Z,0)) & " " & INDEX(자재마스터!$G:$G, MATCH("molding|가성비",자재마스터!$Z:$Z,0)))&" ("&INDEX(자재마스터!$J:$J,MATCH("molding|가성비",자재마스터!$Z:$Z,0))&")","매칭없음") | C45: =IFERROR(INDEX(자재마스터!$M:$M,MATCH("molding|가성비",자재마스터!$Z:$Z,0)),0) | D45: =B18 | E45: =C45*D45
A46: 걸레받이 | B46: =IFERROR((INDEX(자재마스터!$F:$F, MATCH("baseboard|가성비",자재마스터!$Z:$Z,0)) & " " & INDEX(자재마스터!$G:$G, MATCH("baseboard|가성비",자재마스터!$Z:$Z,0)))&" ("&INDEX(자재마스터!$J:$J,MATCH("baseboard|가성비",자재마스터!$Z:$Z,0))&")","매칭없음") | C46: =IFERROR(INDEX(자재마스터!$M:$M,MATCH("baseboard|가성비",자재마스터!$Z:$Z,0)),0) | D46: =B9 | E46: =C46*D46
A47: 욕실 - 젠다이 | B47: =IFERROR((INDEX(자재마스터!$F:$F, MATCH("bath_jendai|가성비",자재마스터!$Z:$Z,0)) & " " & INDEX(자재마스터!$G:$G, MATCH("bath_jendai|가성비",자재마스터!$Z:$Z,0)))&" ("&INDEX(자재마스터!$J:$J,MATCH("bath_jendai|가성비",자재마스터!$Z:$Z,0))&")","매칭없음") | C47: =IFERROR(INDEX(자재마스터!$M:$M,MATCH("bath_jendai|가성비",자재마스터!$Z:$Z,0)),0) | D47: =2 | E47: =C47*D47
A48: 욕실 - 방수 | B48: =IFERROR((INDEX(자재마스터!$F:$F, MATCH("bath_waterproof|가성비",자재마스터!$Z:$Z,0)) & " " & INDEX(자재마스터!$G:$G, MATCH("bath_waterproof|가성비",자재마스터!$Z:$Z,0)))&" ("&INDEX(자재마스터!$J:$J,MATCH("bath_waterproof|가성비",자재마스터!$Z:$Z,0))&")","매칭없음") | C48: =IFERROR(INDEX(자재마스터!$M:$M,MATCH("bath_waterproof|가성비",자재마스터!$Z:$Z,0)),0) | D48: =B21 | E48: =C48*D48
A49: 욕실 - 타일자재 (벽+바닥) | B49: =IFERROR((INDEX(자재마스터!$F:$F, MATCH("bath_tile|가성비",자재마스터!$Z:$Z,0)) & " " & INDEX(자재마스터!$G:$G, MATCH("bath_tile|가성비",자재마스터!$Z:$Z,0)))&" ("&INDEX(자재마스터!$J:$J,MATCH("bath_tile|가성비",자재마스터!$Z:$Z,0))&")","매칭없음") | C49: =IFERROR(INDEX(자재마스터!$M:$M,MATCH("bath_tile|가성비",자재마스터!$Z:$Z,0)),0) | D49: =B21*2 | E49: =C49*D49
A50: 욕실 - 타일시공 | B50: =IFERROR((INDEX(자재마스터!$F:$F, MATCH("bath_tile_method|가성비",자재마스터!$Z:$Z,0)) & " " & INDEX(자재마스터!$G:$G, MATCH("bath_tile_method|가성비",자재마스터!$Z:$Z,0)))&" ("&INDEX(자재마스터!$J:$J,MATCH("bath_tile_method|가성비",자재마스터!$Z:$Z,0))&")","매칭없음") | C50: =IFERROR(INDEX(자재마스터!$M:$M,MATCH("bath_tile_method|가성비",자재마스터!$Z:$Z,0)),0) | D50: =B22 | E50: =C50*D50
A51: 욕실 - 파티션 (부부) | B51: =IFERROR((INDEX(자재마스터!$F:$F, MATCH("bath_brick|가성비",자재마스터!$Z:$Z,0)) & " " & INDEX(자재마스터!$G:$G, MATCH("bath_brick|가성비",자재마스터!$Z:$Z,0)))&" ("&INDEX(자재마스터!$J:$J,MATCH("bath_brick|가성비",자재마스터!$Z:$Z,0))&")","매칭없음") | C51: =IFERROR(INDEX(자재마스터!$M:$M,MATCH("bath_brick|가성비",자재마스터!$Z:$Z,0)),0) | D51: =1 | E51: =C51*D51
A52: 욕실 - 천정 | B52: =IFERROR((INDEX(자재마스터!$F:$F, MATCH("bath_ceiling|가성비",자재마스터!$Z:$Z,0)) & " " & INDEX(자재마스터!$G:$G, MATCH("bath_ceiling|가성비",자재마스터!$Z:$Z,0)))&" ("&INDEX(자재마스터!$J:$J,MATCH("bath_ceiling|가성비",자재마스터!$Z:$Z,0))&")","매칭없음") | C52: =IFERROR(INDEX(자재마스터!$M:$M,MATCH("bath_ceiling|가성비",자재마스터!$Z:$Z,0)),0) | D52: =B21 | E52: =C52*D52
A53: 욕실 - 세면대 | B53: =IFERROR((INDEX(자재마스터!$F:$F, MATCH("bath_basin|가성비",자재마스터!$Z:$Z,0)) & " " & INDEX(자재마스터!$G:$G, MATCH("bath_basin|가성비",자재마스터!$Z:$Z,0)))&" ("&INDEX(자재마스터!$J:$J,MATCH("bath_basin|가성비",자재마스터!$Z:$Z,0))&")","매칭없음") | C53: =IFERROR(INDEX(자재마스터!$M:$M,MATCH("bath_basin|가성비",자재마스터!$Z:$Z,0)),0) | D53: =2 | E53: =C53*D53
A54: 욕실 - 수전 | B54: =IFERROR((INDEX(자재마스터!$F:$F, MATCH("bath_faucet|가성비",자재마스터!$Z:$Z,0)) & " " & INDEX(자재마스터!$G:$G, MATCH("bath_faucet|가성비",자재마스터!$Z:$Z,0)))&" ("&INDEX(자재마스터!$J:$J,MATCH("bath_faucet|가성비",자재마스터!$Z:$Z,0))&")","매칭없음") | C54: =IFERROR(INDEX(자재마스터!$M:$M,MATCH("bath_faucet|가성비",자재마스터!$Z:$Z,0)),0) | D54: =2 | E54: =C54*D54
A55: 욕실 - 양변기 | B55: =IFERROR((INDEX(자재마스터!$F:$F, MATCH("bath_toilet|가성비",자재마스터!$Z:$Z,0)) & " " & INDEX(자재마스터!$G:$G, MATCH("bath_toilet|가성비",자재마스터!$Z:$Z,0)))&" ("&INDEX(자재마스터!$J:$J,MATCH("bath_toilet|가성비",자재마스터!$Z:$Z,0))&")","매칭없음") | C55: =IFERROR(INDEX(자재마스터!$M:$M,MATCH("bath_toilet|가성비",자재마스터!$Z:$Z,0)),0) | D55: =2 | E55: =C55*D55
A56: 욕실 - 악세사리 | B56: =IFERROR((INDEX(자재마스터!$F:$F, MATCH("bath_accessory|가성비",자재마스터!$Z:$Z,0)) & " " & INDEX(자재마스터!$G:$G, MATCH("bath_accessory|가성비",자재마스터!$Z:$Z,0)))&" ("&INDEX(자재마스터!$J:$J,MATCH("bath_accessory|가성비",자재마스터!$Z:$Z,0))&")","매칭없음") | C56: =IFERROR(INDEX(자재마스터!$M:$M,MATCH("bath_accessory|가성비",자재마스터!$Z:$Z,0)),0) | D56: =2 | E56: =C56*D56
A57: 욕실 - 줄눈 | B57: =IFERROR((INDEX(자재마스터!$F:$F, MATCH("bath_grout|가성비",자재마스터!$Z:$Z,0)) & " " & INDEX(자재마스터!$G:$G, MATCH("bath_grout|가성비",자재마스터!$Z:$Z,0)))&" ("&INDEX(자재마스터!$J:$J,MATCH("bath_grout|가성비",자재마스터!$Z:$Z,0))&")","매칭없음") | C57: =IFERROR(INDEX(자재마스터!$M:$M,MATCH("bath_grout|가성비",자재마스터!$Z:$Z,0)),0) | D57: =B21 | E57: =C57*D57
A58: 욕실 설치비 | B58: =IFERROR((INDEX(자재마스터!$F:$F, MATCH("bath_install|가성비",자재마스터!$Z:$Z,0)) & " " & INDEX(자재마스터!$G:$G, MATCH("bath_install|가성비",자재마스터!$Z:$Z,0)))&" ("&INDEX(자재마스터!$J:$J,MATCH("bath_install|가성비",자재마스터!$Z:$Z,0))&")","매칭없음") | C58: =IFERROR(INDEX(자재마스터!$M:$M,MATCH("bath_install|가성비",자재마스터!$Z:$Z,0)),0) | D58: =2 | E58: =C58*D58
A59: 타일 시공팀 | B59: =IFERROR((INDEX(자재마스터!$F:$F, MATCH("tile_labor|가성비",자재마스터!$Z:$Z,0)) & " " & INDEX(자재마스터!$G:$G, MATCH("tile_labor|가성비",자재마스터!$Z:$Z,0)))&" ("&INDEX(자재마스터!$J:$J,MATCH("tile_labor|가성비",자재마스터!$Z:$Z,0))&")","매칭없음") | C59: =IFERROR(INDEX(자재마스터!$M:$M,MATCH("tile_labor|가성비",자재마스터!$Z:$Z,0)),0) | D59: =B33 | E59: =C59*D59
A60: 주방 - 몸체 | B60: =IFERROR((INDEX(자재마스터!$F:$F, MATCH("kitchen_body|가성비",자재마스터!$Z:$Z,0)) & " " & INDEX(자재마스터!$G:$G, MATCH("kitchen_body|가성비",자재마스터!$Z:$Z,0)))&" ("&INDEX(자재마스터!$J:$J,MATCH("kitchen_body|가성비",자재마스터!$Z:$Z,0))&")","매칭없음") | C60: =IFERROR(INDEX(자재마스터!$M:$M,MATCH("kitchen_body|가성비",자재마스터!$Z:$Z,0)),0) | D60: =3.6 | E60: =C60*D60
A61: 주방 - 미드웨이 | B61: =IFERROR((INDEX(자재마스터!$F:$F, MATCH("kitchen_midway|가성비",자재마스터!$Z:$Z,0)) & " " & INDEX(자재마스터!$G:$G, MATCH("kitchen_midway|가성비",자재마스터!$Z:$Z,0)))&" ("&INDEX(자재마스터!$J:$J,MATCH("kitchen_midway|가성비",자재마스터!$Z:$Z,0))&")","매칭없음") | C61: =IFERROR(INDEX(자재마스터!$M:$M,MATCH("kitchen_midway|가성비",자재마스터!$Z:$Z,0)),0) | D61: =3.6 | E61: =C61*D61
A62: 주방 - 도어 | B62: =IFERROR((INDEX(자재마스터!$F:$F, MATCH("kitchen_door|가성비",자재마스터!$Z:$Z,0)) & " " & INDEX(자재마스터!$G:$G, MATCH("kitchen_door|가성비",자재마스터!$Z:$Z,0)))&" ("&INDEX(자재마스터!$J:$J,MATCH("kitchen_door|가성비",자재마스터!$Z:$Z,0))&")","매칭없음") | C62: =IFERROR(INDEX(자재마스터!$M:$M,MATCH("kitchen_door|가성비",자재마스터!$Z:$Z,0)),0) | D62: =3.6 | E62: =C62*D62
A63: 주방 - 상판 | B63: =IFERROR((INDEX(자재마스터!$F:$F, MATCH("kitchen_top|가성비",자재마스터!$Z:$Z,0)) & " " & INDEX(자재마스터!$G:$G, MATCH("kitchen_top|가성비",자재마스터!$Z:$Z,0)))&" ("&INDEX(자재마스터!$J:$J,MATCH("kitchen_top|가성비",자재마스터!$Z:$Z,0))&")","매칭없음") | C63: =IFERROR(INDEX(자재마스터!$M:$M,MATCH("kitchen_top|가성비",자재마스터!$Z:$Z,0)),0) | D63: =3.6 | E63: =C63*D63
A64: 주방 - 하드웨어 | B64: =IFERROR((INDEX(자재마스터!$F:$F, MATCH("kitchen_hardware|가성비",자재마스터!$Z:$Z,0)) & " " & INDEX(자재마스터!$G:$G, MATCH("kitchen_hardware|가성비",자재마스터!$Z:$Z,0)))&" ("&INDEX(자재마스터!$J:$J,MATCH("kitchen_hardware|가성비",자재마스터!$Z:$Z,0))&")","매칭없음") | C64: =IFERROR(INDEX(자재마스터!$M:$M,MATCH("kitchen_hardware|가성비",자재마스터!$Z:$Z,0)),0) | D64: =ROUND(3.6*4.5,0) | E64: =C64*D64
A65: 주방 - 후드 | B65: =IFERROR((INDEX(자재마스터!$F:$F, MATCH("kitchen_hood|가성비",자재마스터!$Z:$Z,0)) & " " & INDEX(자재마스터!$G:$G, MATCH("kitchen_hood|가성비",자재마스터!$Z:$Z,0)))&" ("&INDEX(자재마스터!$J:$J,MATCH("kitchen_hood|가성비",자재마스터!$Z:$Z,0))&")","매칭없음") | C65: =IFERROR(INDEX(자재마스터!$M:$M,MATCH("kitchen_hood|가성비",자재마스터!$Z:$Z,0)),0) | D65: =1 | E65: =C65*D65
A66: 주방 - 싱크볼 | B66: =IFERROR((INDEX(자재마스터!$F:$F, MATCH("kitchen_sink|가성비",자재마스터!$Z:$Z,0)) & " " & INDEX(자재마스터!$G:$G, MATCH("kitchen_sink|가성비",자재마스터!$Z:$Z,0)))&" ("&INDEX(자재마스터!$J:$J,MATCH("kitchen_sink|가성비",자재마스터!$Z:$Z,0))&")","매칭없음") | C66: =IFERROR(INDEX(자재마스터!$M:$M,MATCH("kitchen_sink|가성비",자재마스터!$Z:$Z,0)),0) | D66: =1 | E66: =C66*D66
A67: 중문 (3연동) | B67: =IFERROR((INDEX(자재마스터!$F:$F, MATCH("sliding_door|가성비",자재마스터!$Z:$Z,0)) & " " & INDEX(자재마스터!$G:$G, MATCH("sliding_door|가성비",자재마스터!$Z:$Z,0)))&" ("&INDEX(자재마스터!$J:$J,MATCH("sliding_door|가성비",자재마스터!$Z:$Z,0))&")","매칭없음") | C67: =IFERROR(INDEX(자재마스터!$M:$M,MATCH("sliding_door|가성비",자재마스터!$Z:$Z,0)),0) | D67: =1 | E67: =C67*D67
A68: 일반가구 (현관) | B68: =IFERROR((INDEX(자재마스터!$F:$F, MATCH("general_furniture|가성비",자재마스터!$Z:$Z,0)) & " " & INDEX(자재마스터!$G:$G, MATCH("general_furniture|가성비",자재마스터!$Z:$Z,0)))&" ("&INDEX(자재마스터!$J:$J,MATCH("general_furniture|가성비",자재마스터!$Z:$Z,0))&")","매칭없음") | C68: =IFERROR(INDEX(자재마스터!$M:$M,MATCH("general_furniture|가성비",자재마스터!$Z:$Z,0)),0) | D68: =1 | E68: =C68*D68
A69: 붙박이장 | B69: =IFERROR((INDEX(자재마스터!$F:$F, MATCH("closet|가성비",자재마스터!$Z:$Z,0)) & " " & INDEX(자재마스터!$G:$G, MATCH("closet|가성비",자재마스터!$Z:$Z,0)))&" ("&INDEX(자재마스터!$J:$J,MATCH("closet|가성비",자재마스터!$Z:$Z,0))&")","매칭없음") | C69: =IFERROR(INDEX(자재마스터!$M:$M,MATCH("closet|가성비",자재마스터!$Z:$Z,0)),0) | D69: =B32 | E69: =C69*D69
A70: 전기 기본공사 | B70: =IFERROR((INDEX(자재마스터!$F:$F, MATCH("electrical_base|가성비",자재마스터!$Z:$Z,0)) & " " & INDEX(자재마스터!$G:$G, MATCH("electrical_base|가성비",자재마스터!$Z:$Z,0)))&" ("&INDEX(자재마스터!$J:$J,MATCH("electrical_base|가성비",자재마스터!$Z:$Z,0))&")","매칭없음") | C70: =IFERROR(INDEX(자재마스터!$M:$M,MATCH("electrical_base|가성비",자재마스터!$Z:$Z,0)),0) | D70: =B9 | E70: =C70*D70
A71: 스위치/콘센트 | B71: =IFERROR((INDEX(자재마스터!$F:$F, MATCH("electrical_switch|가성비",자재마스터!$Z:$Z,0)) & " " & INDEX(자재마스터!$G:$G, MATCH("electrical_switch|가성비",자재마스터!$Z:$Z,0)))&" ("&INDEX(자재마스터!$J:$J,MATCH("electrical_switch|가성비",자재마스터!$Z:$Z,0))&")","매칭없음") | C71: =IFERROR(INDEX(자재마스터!$M:$M,MATCH("electrical_switch|가성비",자재마스터!$Z:$Z,0)),0) | D71: =B31 | E71: =C71*D71
A72: 인덕션 전용선 | B72: =IFERROR((INDEX(자재마스터!$F:$F, MATCH("induction_line|가성비",자재마스터!$Z:$Z,0)) & " " & INDEX(자재마스터!$G:$G, MATCH("induction_line|가성비",자재마스터!$Z:$Z,0)))&" ("&INDEX(자재마스터!$J:$J,MATCH("induction_line|가성비",자재마스터!$Z:$Z,0))&")","매칭없음") | C72: =IFERROR(INDEX(자재마스터!$M:$M,MATCH("induction_line|가성비",자재마스터!$Z:$Z,0)),0) | D72: =1 | E72: =C72*D72
A73: 다운라이트 | B73: =IFERROR((INDEX(자재마스터!$F:$F, MATCH("lighting_downlight|가성비",자재마스터!$Z:$Z,0)) & " " & INDEX(자재마스터!$G:$G, MATCH("lighting_downlight|가성비",자재마스터!$Z:$Z,0)))&" ("&INDEX(자재마스터!$J:$J,MATCH("lighting_downlight|가성비",자재마스터!$Z:$Z,0))&")","매칭없음") | C73: =IFERROR(INDEX(자재마스터!$M:$M,MATCH("lighting_downlight|가성비",자재마스터!$Z:$Z,0)),0) | D73: =B34 | E73: =C73*D73
A74: 거실 간접조명 | B74: =IFERROR((INDEX(자재마스터!$F:$F, MATCH("lighting_indirect_living|가성비",자재마스터!$Z:$Z,0)) & " " & INDEX(자재마스터!$G:$G, MATCH("lighting_indirect_living|가성비",자재마스터!$Z:$Z,0)))&" ("&INDEX(자재마스터!$J:$J,MATCH("lighting_indirect_living|가성비",자재마스터!$Z:$Z,0))&")","매칭없음") | C74: =IFERROR(INDEX(자재마스터!$M:$M,MATCH("lighting_indirect_living|가성비",자재마스터!$Z:$Z,0)),0) | D74: =1 | E74: =C74*D74
A75: 욕실 간접조명 | B75: =IFERROR((INDEX(자재마스터!$F:$F, MATCH("lighting_indirect_bath|가성비",자재마스터!$Z:$Z,0)) & " " & INDEX(자재마스터!$G:$G, MATCH("lighting_indirect_bath|가성비",자재마스터!$Z:$Z,0)))&" ("&INDEX(자재마스터!$J:$J,MATCH("lighting_indirect_bath|가성비",자재마스터!$Z:$Z,0))&")","매칭없음") | C75: =IFERROR(INDEX(자재마스터!$M:$M,MATCH("lighting_indirect_bath|가성비",자재마스터!$Z:$Z,0)),0) | D75: =2 | E75: =C75*D75
A76: 거실 마그네틱 라인 | B76: =IFERROR((INDEX(자재마스터!$F:$F, MATCH("lighting_magnetic_living|가성비",자재마스터!$Z:$Z,0)) & " " & INDEX(자재마스터!$G:$G, MATCH("lighting_magnetic_living|가성비",자재마스터!$Z:$Z,0)))&" ("&INDEX(자재마스터!$J:$J,MATCH("lighting_magnetic_living|가성비",자재마스터!$Z:$Z,0))&")","매칭없음") | C76: =IFERROR(INDEX(자재마스터!$M:$M,MATCH("lighting_magnetic_living|가성비",자재마스터!$Z:$Z,0)),0) | D76: =1 | E76: =C76*D76
A77: 주방 마그네틱 라인 | B77: =IFERROR((INDEX(자재마스터!$F:$F, MATCH("lighting_magnetic_kitchen|가성비",자재마스터!$Z:$Z,0)) & " " & INDEX(자재마스터!$G:$G, MATCH("lighting_magnetic_kitchen|가성비",자재마스터!$Z:$Z,0)))&" ("&INDEX(자재마스터!$J:$J,MATCH("lighting_magnetic_kitchen|가성비",자재마스터!$Z:$Z,0))&")","매칭없음") | C77: =IFERROR(INDEX(자재마스터!$M:$M,MATCH("lighting_magnetic_kitchen|가성비",자재마스터!$Z:$Z,0)),0) | D77: =1 | E77: =C77*D77
A78: 설비 기본공사 | B78: =IFERROR((INDEX(자재마스터!$F:$F, MATCH("plumbing_base|가성비",자재마스터!$Z:$Z,0)) & " " & INDEX(자재마스터!$G:$G, MATCH("plumbing_base|가성비",자재마스터!$Z:$Z,0)))&" ("&INDEX(자재마스터!$J:$J,MATCH("plumbing_base|가성비",자재마스터!$Z:$Z,0))&")","매칭없음") | C78: =IFERROR(INDEX(자재마스터!$M:$M,MATCH("plumbing_base|가성비",자재마스터!$Z:$Z,0)),0) | D78: =B9 | E78: =C78*D78
A79: 분배기 교체 | B79: =IFERROR((INDEX(자재마스터!$F:$F, MATCH("distribution_panel|가성비",자재마스터!$Z:$Z,0)) & " " & INDEX(자재마스터!$G:$G, MATCH("distribution_panel|가성비",자재마스터!$Z:$Z,0)))&" ("&INDEX(자재마스터!$J:$J,MATCH("distribution_panel|가성비",자재마스터!$Z:$Z,0))&")","매칭없음") | C79: =IFERROR(INDEX(자재마스터!$M:$M,MATCH("distribution_panel|가성비",자재마스터!$Z:$Z,0)),0) | D79: =1 | E79: =C79*D79
A80: 배관 변경 | B80: =IFERROR((INDEX(자재마스터!$F:$F, MATCH("plumbing_relocation|가성비",자재마스터!$Z:$Z,0)) & " " & INDEX(자재마스터!$G:$G, MATCH("plumbing_relocation|가성비",자재마스터!$Z:$Z,0)))&" ("&INDEX(자재마스터!$J:$J,MATCH("plumbing_relocation|가성비",자재마스터!$Z:$Z,0))&")","매칭없음") | C80: =IFERROR(INDEX(자재마스터!$M:$M,MATCH("plumbing_relocation|가성비",자재마스터!$Z:$Z,0)),0) | D80: =1 | E80: =C80*D80
A81: 난방온도조절기 | B81: =IFERROR((INDEX(자재마스터!$F:$F, MATCH("thermostat|가성비",자재마스터!$Z:$Z,0)) & " " & INDEX(자재마스터!$G:$G, MATCH("thermostat|가성비",자재마스터!$Z:$Z,0)))&" ("&INDEX(자재마스터!$J:$J,MATCH("thermostat|가성비",자재마스터!$Z:$Z,0))&")","매칭없음") | C81: =IFERROR(INDEX(자재마스터!$M:$M,MATCH("thermostat|가성비",자재마스터!$Z:$Z,0)),0) | D81: =B35 | E81: =C81*D81
A82: 시스템에어컨 | B82: =IFERROR((INDEX(자재마스터!$F:$F, MATCH("aircon|가성비",자재마스터!$Z:$Z,0)) & " " & INDEX(자재마스터!$G:$G, MATCH("aircon|가성비",자재마스터!$Z:$Z,0)))&" ("&INDEX(자재마스터!$J:$J,MATCH("aircon|가성비",자재마스터!$Z:$Z,0))&")","매칭없음") | C82: =IFERROR(INDEX(자재마스터!$M:$M,MATCH("aircon|가성비",자재마스터!$Z:$Z,0)),0) | D82: =3 | E82: =C82*D82
A83: 에어컨 실외기 | B83: =IFERROR((INDEX(자재마스터!$F:$F, MATCH("aircon_outdoor|가성비",자재마스터!$Z:$Z,0)) & " " & INDEX(자재마스터!$G:$G, MATCH("aircon_outdoor|가성비",자재마스터!$Z:$Z,0)))&" ("&INDEX(자재마스터!$J:$J,MATCH("aircon_outdoor|가성비",자재마스터!$Z:$Z,0))&")","매칭없음") | C83: =IFERROR(INDEX(자재마스터!$M:$M,MATCH("aircon_outdoor|가성비",자재마스터!$Z:$Z,0)),0) | D83: =1 | E83: =C83*D83
A84: 실링팬 | B84: =IFERROR((INDEX(자재마스터!$F:$F, MATCH("ceiling_fan|가성비",자재마스터!$Z:$Z,0)) & " " & INDEX(자재마스터!$G:$G, MATCH("ceiling_fan|가성비",자재마스터!$Z:$Z,0)))&" ("&INDEX(자재마스터!$J:$J,MATCH("ceiling_fan|가성비",자재마스터!$Z:$Z,0))&")","매칭없음") | C84: =IFERROR(INDEX(자재마스터!$M:$M,MATCH("ceiling_fan|가성비",자재마스터!$Z:$Z,0)),0) | D84: =2 | E84: =C84*D84
A85: 목공사 (기본 출장) | B85: =IFERROR((INDEX(자재마스터!$F:$F, MATCH("carpentry_base|가성비",자재마스터!$Z:$Z,0)) & " " & INDEX(자재마스터!$G:$G, MATCH("carpentry_base|가성비",자재마스터!$Z:$Z,0)))&" ("&INDEX(자재마스터!$J:$J,MATCH("carpentry_base|가성비",자재마스터!$Z:$Z,0))&")","매칭없음") | C85: =IFERROR(INDEX(자재마스터!$M:$M,MATCH("carpentry_base|가성비",자재마스터!$Z:$Z,0)),0) | D85: =1 | E85: =C85*D85
A86: 확장공사 (샷시 별도) | B86: =IFERROR((INDEX(자재마스터!$F:$F, MATCH("expansion|가성비",자재마스터!$Z:$Z,0)) & " " & INDEX(자재마스터!$G:$G, MATCH("expansion|가성비",자재마스터!$Z:$Z,0)))&" ("&INDEX(자재마스터!$J:$J,MATCH("expansion|가성비",자재마스터!$Z:$Z,0))&")","매칭없음") | C86: =IFERROR(INDEX(자재마스터!$M:$M,MATCH("expansion|가성비",자재마스터!$Z:$Z,0)),0) | D86: =B27 | E86: =C86*D86
A87: 구청 확장공사 신고 | B87: =IFERROR((INDEX(자재마스터!$F:$F, MATCH("expansion_permit|가성비",자재마스터!$Z:$Z,0)) & " " & INDEX(자재마스터!$G:$G, MATCH("expansion_permit|가성비",자재마스터!$Z:$Z,0)))&" ("&INDEX(자재마스터!$J:$J,MATCH("expansion_permit|가성비",자재마스터!$Z:$Z,0))&")","매칭없음") | C87: =IFERROR(INDEX(자재마스터!$M:$M,MATCH("expansion_permit|가성비",자재마스터!$Z:$Z,0)),0) | D87: =1 | E87: =C87*D87
A88: 발코니 도장 | B88: =IFERROR((INDEX(자재마스터!$F:$F, MATCH("balcony_paint|가성비",자재마스터!$Z:$Z,0)) & " " & INDEX(자재마스터!$G:$G, MATCH("balcony_paint|가성비",자재마스터!$Z:$Z,0)))&" ("&INDEX(자재마스터!$J:$J,MATCH("balcony_paint|가성비",자재마스터!$Z:$Z,0))&")","매칭없음") | C88: =IFERROR(INDEX(자재마스터!$M:$M,MATCH("balcony_paint|가성비",자재마스터!$Z:$Z,0)),0) | D88: =B24 | E88: =C88*D88
A89: 다용도실 도장 | B89: =IFERROR((INDEX(자재마스터!$F:$F, MATCH("balcony_paint|가성비",자재마스터!$Z:$Z,0)) & " " & INDEX(자재마스터!$G:$G, MATCH("balcony_paint|가성비",자재마스터!$Z:$Z,0)))&" ("&INDEX(자재마스터!$J:$J,MATCH("balcony_paint|가성비",자재마스터!$Z:$Z,0))&")","매칭없음") | C89: =IFERROR(INDEX(자재마스터!$M:$M,MATCH("balcony_paint|가성비",자재마스터!$Z:$Z,0)),0) | D89: =B26 | E89: =C89*D89
A90: 발코니 바닥타일 | B90: =IFERROR((INDEX(자재마스터!$F:$F, MATCH("balcony_floor_tile|가성비",자재마스터!$Z:$Z,0)) & " " & INDEX(자재마스터!$G:$G, MATCH("balcony_floor_tile|가성비",자재마스터!$Z:$Z,0)))&" ("&INDEX(자재마스터!$J:$J,MATCH("balcony_floor_tile|가성비",자재마스터!$Z:$Z,0))&")","매칭없음") | C90: =IFERROR(INDEX(자재마스터!$M:$M,MATCH("balcony_floor_tile|가성비",자재마스터!$Z:$Z,0)),0) | D90: =B23 | E90: =C90*D90
A91: 다용도실 바닥타일 | B91: =IFERROR((INDEX(자재마스터!$F:$F, MATCH("balcony_floor_tile|가성비",자재마스터!$Z:$Z,0)) & " " & INDEX(자재마스터!$G:$G, MATCH("balcony_floor_tile|가성비",자재마스터!$Z:$Z,0)))&" ("&INDEX(자재마스터!$J:$J,MATCH("balcony_floor_tile|가성비",자재마스터!$Z:$Z,0))&")","매칭없음") | C91: =IFERROR(INDEX(자재마스터!$M:$M,MATCH("balcony_floor_tile|가성비",자재마스터!$Z:$Z,0)),0) | D91: =B25 | E91: =C91*D91
A92: 가성비 합계 | E92: =SUM(E39:E91)
A93: 가성비 평당 | E93: =E92/B4
A95: ■ 표준 등급
A96: 공종 | B96: 기준자재 | C96: 단가(원) | D96: 수량 | E96: 공사비(원)
A97: 철거공사 | B97: =IFERROR((INDEX(자재마스터!$F:$F, MATCH("철거|표준",자재마스터!$AA:$AA,0)) & " " & INDEX(자재마스터!$G:$G, MATCH("철거|표준",자재마스터!$AA:$AA,0)))&" ("&INDEX(자재마스터!$J:$J,MATCH("철거|표준",자재마스터!$AA:$AA,0))&")","매칭없음") | C97: =IFERROR(INDEX(자재마스터!$M:$M,MATCH("철거|표준",자재마스터!$AA:$AA,0)),0) | D97: =B8 | E97: =C97*D97
